Year,Date,Headline,Weblink,Company name,Event type,Sub Segment,Trend,International NL
2025,07/01/2025,"SAP and IBM collaborate to offer RISE with SAP on IBM Power Virtual Server, improving on their process automation and agility concerning the migration of SAP S/4HANA from on-premises to the cloud and their other ERP offerings. Sap claims to have a migration time of 90 days following this update.",https://news.sap.com/2025/01/rise-with-sap-ibm-power-virtual-server-sap-s4hana-cloud/,SAP,Partnership,,,
2025,07/01/2025,"Argentina's ARCA introduces a Consumer Tax Transparency Regime requiring detailed tax breakdowns on invoices, effective January 1, 2025, for large companies, with mandatory compliance for all by April 1, 2025, enhancing consumer awareness and business decision-making",https://www.fonoa.com/blog/argentina-introduces-vat-itemization-mandate,Industry,Regulation,Tax Compliance,,International
2025,03/01/2025,,https://www.fonoa.com/blog/us-sales-tax-rate-updates-january-2025,Industry,Regulation,Tax Compliance,,
2025,1/17/2025,"Swap, an ecommerce operations platform, partners with Avalara to offer integrated cross-border tax compliance solutions for brands selling on global marketplaces",https://thepaypers.com/online-payments/swap-partners-with-avalara-for-ecommerce-compliance--1271810,Avalara,Partnership,Tax Compliance,,
2025,1/13/2025,"CFO Tech launches in Orange County, offering SMBs financial management solutions including accounts payable automation",https://www.prweb.com/releases/cfo-tech-announces-official-launch-for-2025-transforming-business-financial-management-with-advanced-solutions-302345602.html,CFOTech,Product Launch,E-invoicing,AP AR,
2025,1/15/2025,"Tax Systems launches Pillar2, a SaaS solution aimed at de-risking  BEPS Pillar Two tax compliance with generative AI for real-time insights",https://www.taxsystems.com/tax-news/tax-systems-launches-ai-powered-saas-solution-for-global-pillar-two-compliance-and-reporting/,Tax Systems,Product Launch,BEPS,,
2025,1/30/2025,"Sovos plans to conduct a webinar that offers insights on integrating e-invoicing compliance into SAP S/4HANA migrations, covering regulatory updates, best practices, transition strategies, and ROI maximization",https://event.on24.com/wcc/r/4811285/7ACDE422869C4D4A8F237350BC1AE40A?utm_medium=email&utm_source=marketo&utm_campaign=SAP-ERPwebinar-January25&utm_term=erp-global&utm_content=webinar,Sovos,Event,Event,,
2025,1/22/2025,,https://www.esgtoday.com/ecovadis-launches-new-csrd-supply-chain-data-collection-solution/,Ecovadis,Product Launch,ESG,CSRD,
2025,1/15/2025,Shippeo secures a $30M funding round led by Woven Capital to expand its real-time transportation visibility platform across North America and APAC,https://www.shippeo.com/press-releases/shippeo-raises-30m-strategic-round-led-by-woven-capital-to-accelerate-us-and-apac-expansion,Shippeo,Funding,GTM,,
2025,1/20/2025,"The European Parliament ECON Committee fast-tracks the adoption of the ViDA package and DAC9 opinion using a simplified procedure for quicker implementation, targeting a February Plenary Session decision",https://etaf.tax/weekly-tax-news-monday-20-january-2025/,INdustry,Regulation,Tax Compliance,ViDA,International
2025,1/17/2025,"Bosnia and Herzegovina proposes a draft law mandating e-invoicing and real-time reporting for B2B, B2G, and B2C transactions, utilizing a centralized platform for B2B and B2G, and approved electronic fiscal systems for B2C",https://sovos.com/regulatory-updates/vat/bosnia-and-herzegovina-draft-law-on-mandatory-e-invoice/,Industry,Regulation,E-invoicing,,International
2025,1/14/2025,Corcentric announces an International Tax Management Engine that automates complex tax calculations for its Accounts Payable customers,https://www.corcentric.com/company/press-releases/corcentric-launches-enhanced-international-tax-management-engine-for-accounts-payable-customers/,Corcentric,Product Launch,E-invoicing,,
2025,1/18/2025,"Kintsugi introduces Nexus Predictor that proactively manage sales tax compliance by forecasting nexus requirements, streamlining registrations, and facilitating operational planning",https://trykintsugi.com/blog/kintsugi-intelligence-now-predicts-nexus-to-keep-you-ahead-of-compliance,Kintsugi,Product Enhancementq,Tax Compliance,,
2025,1/16/2025,"Namirial, backed by Ambienta, acquires Digital Technologies to enhance its electronic invoicing and digital transaction management capabilities",https://www.namirial.com/en/news/namirial-acquires-digital-technologies/,Namiral,Acquisition,E-invoicing,,
2025,01/01/2025,"Logiq, Nordictrade netowork service provider, acquires DIGITAL CAB, a Danish EDI operator, to strengthen its position in handling digital supply chain projects",https://www.logiqconnect.com/company/news/logiq-acquires-digital-cab-to-increase-its-presence-in-the-danish-market,Logiq,Acquisition,GTM,,International
2025,1/17/2025,"Taxmarc introduces Taxmarc 3.2 with features including SAP S/4 HANA advanced intercompany support, CCH SureTax integration for US solutions, and new data visualization reports",https://www.linkedin.com/posts/taxmarc-b.v._newrelease3-softwareupdate-techinnovation-activity-7285910411969781760-BW-G/,TaxMarc,Product Enhancement,Tax Compliance,,
2025,1/19/2025,"Clarus Partners Advisors launches AkuCalc, a sales tax calculation software that automates tax compliance, integrates with accounting platforms, and helps businesses navigate post-Wayfair tax obligations",https://www.cpapracticeadvisor.com/2025/01/19/clarus-partners-advisors-launches-akucalc-simplifying-sales-tax-calculations-for-businesses/154690/,AkuCalc,Product Launch,Others,SMB,
2025,1/27/2025,Complyt announces its Xero Integration for its automated sales tax management offerings,https://www.linkedin.com/feed/update/urn:li:activity:7289585731201622017/,Complyt,Partnership,Tax Compliance,Integration,
2025,1/15/2025,"Awantec launches Awantax, an MDEC-accredited e-invoicing solution, to support Malaysia's mandatory e-invoicing implementation",https://www.awantec.my/content/awantec-launches-awantax-mdec-accredited-peppol-ready-e-invoicing-solution,Avantac,Product Launch,E-invoicing,,International
2025,1/30/2025,"Oracle introduces role-based AI agents within its Fusion Cloud Supply Chain & Manufacturing (SCM) to automate routine tasks, provide personalized insights, across various areas, including procurement, manufacturing, and inventory management",https://www.oracle.com/news/announcement/oracle-ai-agents-help-transform-supply-chain-workflows-2025-01-30/,Oracle,Product Launch,GTM,Gen AI SCM,https://www.oracle.com/news/announcement/oracle-helps-customers-optimize-global-supply-chain-efficiency-2025-01-30/
2025,1/28/2025,Suma  receives its official recognition by the Digital Agency of Japan as a Peppol service provider,https://www.linkedin.com/posts/suma-technology-services-llp_peppol-einvoicing-digitaltransformation-activity-7289687143579353089-aqhJ/?utm_source=share&utm_medium=member_desktop,Suma,Certification,E-invoicing,,International
2025,1/28/2025,"Kintsugi enhances its Billing Management feature that provides users control over their subscription details, billing trends, and invoice management",https://trykintsugi.com/blog/kintsugi-enhances-billing-management-transparency-and-control-at-your-fingertips,KIntsugi,Product Update,Tax Compliance,,
2025,1/22/2025,RTC partners with Taxback International to offer an integrated solution for e-invoicing and VAT,https://rtcsuite.com/taxback-international-and-rtc-announce-strategic-partnership-to-revolutionise-e-invoicing-and-tax-compliance/,RTC,Partnership,Tax Compliance,,International
2025,1/30/2025,"Anrok launches its tax compliance platform, Anrok for Salesforce Revenue Cloud, on Salesforce AppExchange",https://www.businesswire.com/news/home/20250128626679/en,anrok,Partnership,Tax Compliance,,International
2025,1/30/2025,"TaxBandits, an authorized IRS e-file provider, partners with Sage Intacct to deliver an automated e-filing solution for 1099 forms",https://www.wtrf.com/business/press-releases/accesswire/974309/taxbandits-strengthens-its-partnership-with-sage-intacct-for-another-successful-season-of-1099-e-filing/,Tax Bandits,Partnership,TIR,,
2025,1/31/2025,"Stampli introduces Procure to Pay, a unified software platform that incorporates purchase requests, PO creation, and invoice processing into one system, adapting to users' processes and workflows",https://thepaypers.com/e-invoicing-supply-chain-finance/stampli-launches-procure-to-pay--1272068,Stampli,Product Launch,E-invoicing,,
2025,05/02/2025,TransUnion introduces TruVision alternative bank risk score to increase transparency for lenders,https://newsroom.transunion.com/transunion-introduces-truvision-alternative-bank-risk-score/,TransUnion,Product Launch,Corp Risk,,
2025,06/02/2025,Backbase and Feedzai partner to launch deeply integrated financial crime prevention in the engagement banking platform,https://www.feedzai.com/pressrelease/feedzai-announces-strategic-partnership-with-backbase-to-elevate-trust-security-and-customer-engagement-in-digital-banking/,Feedzai,Partnership,Corp Risk,,
2025,05/02/2025,"Ivo raises $16M in Series A funding led by Costanoa Ventures, to scale its AI-powered contract review solution aimed at corporate legal teams; this brings their total funding to ~$22M",https://legaltechnology.com/2025/02/05/ivo-raises-16m-series-a-to-deliver-ai-contract-review-at-scale/,Ivo,Funding,Corp Legal,,
2025,04/02/2025,SmartEsq launches its AI-powered platform designed to streamline legal workflows for private investment funds,https://www.lawnext.com/2025/02/australian-legal-tech-platform-lawpath-secures-10m-investment-as-use-of-its-legal-ai-expands.html,SmartEsq,Product Launch,Corp Legal,,
2025,05/02/2025,Docusign launches a ‘Notary on-Demand’ service available 24/7 across US,https://www.artificiallawyer.com/2025/02/05/docusign-launches-notary-on-demand-service/,Docusign,Product Launch,Corp Legal,,
2025,10/02/2025,"Law Insider and oneNDA launch oneSaaS, a community-driven standard contract template for cloud services agreements",https://www.artificiallawyer.com/2025/02/10/law-insider-launches-onesaas-new-standard-for-cloud-agreements/,oneNDA,Product Launch,Corp Legal,,
2025,05/02/2025,"LexFusion, an outsourced legal tech sales group, partners with Fides, an entity management company",https://www.artificiallawyer.com/2025/02/05/lexfusion-adds-fides-entity-management-to-roster/,LexFusion,Partnership,Corp Legal,,
2025,05/02/2025,Blackrock Inc increases stake in Vertex Inc with significant share acquisition,https://www.gurufocus.com/news/2683714/blackrock-inc-increases-stake-in-vertex-inc-with-significant-share-acquisition,Vertex,,Tax Compliance,,
2025,06/02/2025,FIS Launches Its New Revenue Insight Solution to Transform AR Management,https://www.investor.fisglobal.com/news-releases/news-release-details/fis-launches-its-new-revenue-insight-solution-transform-accounts,FIS,,E-invoicing,,
2025,06/02/2025,Descartes launched numerous Global Trade intelligence innovation and enhancements.,https://www.descartes.com/resources/news/descartes-showcases-global-trade-intelligence-technology-innovations,Descartes,,GTM,,
2025,1/28/2025,Indonesia issues regulation to implement BEPS Pillar two,https://globaltaxnews.ey.com/news/2025-0342-indonesias-ministry-of-finance-issues-regulation-to-implement-beps-20-pillar-two,Industry,,Regulations,,International
2025,1/24/2025,Canada issues 2025 trade compliance verification list update,https://globaltaxnews.ey.com/news/2025-0320-canada-border-services-agency-issues-2025-trade-compliance-verification-list-update,Industry,,Regulations,,International
2025,2/23/2025,Ledgible and TAINA partner to provide a tax reporting solution that adresses 1099 form generation and compliance for crypto and digital asset platforms,https://ledgible.io/news/ledgible-and-taina-technology-partner-to-streamline-tax-compliance-for-the-crypto-and-digital-asset-industry/,Ledgible,Partnership,TIR,,
2025,2/21/2025,,https://rtcsuite.com/our-partnership-with-taxback-international-a-new-era-in-vat-compliance/,RTC,Partnership,Tax Compliance,,
2025,2/19/2025,Viva.com acquires a majority stake in fiskaltrust to launch a Europe focused solution integrating e-invoicing with payments and fiscalisation services,https://thepaypers.com/online-payments/vivacom-acquires-a-majority-stake-in-fiskaltrust--1272364,Viva,Acquisition,E-invoicing,,International
2025,2/21/2025,The upcomming March update for Dynamics 365 Finance will introduce new entities and mappings to support return order invoice synchronization through dual-write in the accounts receivable module,https://erp.today/microsoft-dynamics-365-finance-10-0-43-coming-in-march-2025/,,,,,
2025,2/19/2025,Deloitte and Basware expand their partnership by launching a Center of Excellence that offers enterprises automated solutions for enhanced compliance in response to increasing e-invoicing mandates and SAP S/4HANA migrations,https://www.prnewswire.com/news-releases/deloitte-and-basware-create-center-of-excellence-to-drive-digital-finance-transformation-and-compliance-at-scale-302379215.html,Basware,Partnership,E-invoicing,,
2025,2/19/2025,"The Croatian government mandates B2B electronic invoicing for domestic transactions starting January 1, 2026, as part of the Fiscalization Project 2.0 to modernize tax processes",https://edicomgroup.com/blog/croatia-electronic-invoicing-b2b,Industry,Regulation,Regulations,,International
2025,06/02/2025,Base.com partners with AVASK to offer cross-border VAT compliance and financial services for e-commerce businesses,https://www.linkedin.com/posts/avaskgroup_partners-ecommerce-tax-activity-7293274592138153985-NLY1/?utm_source=share&utm_medium=member_desktop&rcm=ACoAADq0lXQBXTqj-sy6tAYLEbCUl7FuRmFXwsw,Avask,Partnership,Tax Compliance,,
2025,2/19/2025,"Luminance, a contract review and management platform, raises $75M in Series C funding round led by Point72 Private Investments: this brings its total funding to $165M",https://legaltechnology.com/2025/02/18/luminance-raises-75m-in-series-c-funding/,Luminance,,Corp Legal,,
2025,2/19/2025,"CLM provider, ContractPodAi launches a marketplace where clients can access custom-made AI apps for specific legal workflows",https://www.lawnext.com/2025/02/clm-company-contractpodai-partners-with-big-four-firms-and-alsps-to-launch-marketplace-of-ai-agents.html,ContractPod AI,,Corp Legal,,
2025,2/19/2025,SingleFile raises $9M Series A led by Foundry Group to expand its corporate compliance filing platform; this brings its total funding to $24M,https://www.lawnext.com/2025/02/exclusive-singlefile-raises-9m-series-a-to-expand-its-corporate-compliance-filing-platform.html,Singlefile,,Corp Legal,,
2025,2/19/2025,"WilsonAI, a  legal tech startup raises $1.7M in pre-seed funding to help inhouse teams streamline workflows and handle repetitive needs",https://www.artificiallawyer.com/2025/02/24/wilsonai-raises-1-7m-pre-seed-for-inhouse-ai-paralegal/,Wilson AI,,Corp Legal,,
2025,2/19/2025,"eDiscovery company, Exterro announces a remote mobile device collection capability to streamline the process of gathering mobile data for eDiscovery and digital forensics investigations",https://www.lawnext.com/2025/02/e-discovery-company-exterro-unveils-tool-it-says-will-disrupt-data-collection-from-remote-mobile-devices.html,Exterro,,Corp Legal,,
2025,2/19/2025,State of AI in eDiscovery report shows a 95% increase in enterprise AI adoption,https://www.legalitprofessionals.com/usa-news/14063-lighthouse-releases-second-annual-state-of-ai-in-ediscovery-benchmark-study,Industry,,Corp Legal,,
2025,2/19/2025,Mastercard partners with Feedzai to expedite the deployment of Mastercard's Consumer Fraud Risk (CFR) solution and make it easier for banks to identify and combat scams,https://www.feedzai.com/pressrelease/mastercard-and-feedzai-join-forces-to-protect-consumers-and-businesses-from-scams/,Feedzai,,Corp Risk,,
2025,2/19/2025,LexisNexis Risk Solutions closes its acquisition of IDVerse,https://risk.lexisnexis.com/about-us/press-room/press-release/20250219-idverse-acquisition,LexisNexis,,Corp Risk,,
2025,12/02/2025,"Project44 introduces six AI-powered capabilities to assist supply chain visibility and efficiency, including AI Data Quality Agents, AI Disruption Navigator, and MO, the AI Supply Chain Assistant, within its Movement platform",https://www.project44.com/press-releases/project44-enhances-movement-platform-with-six-new-ai-optimization-capabilities/,Project 44,Product Launch,GTM,Gen AI,
2025,07/02/2025,"Tax Systems is expands its Alphatax offering, a corporate tax compliance software, to the United Arab Emirates",https://www.taxsystems.com/tax-news/tax-systems-launches-alphatax-in-the-uae-to-streamline-corporate-tax-compliance/,Tax Systems,Expansion,Tax Compliance,,International
2025,2/13/2025,"The European Parliament approves ViDA's reforms, introducing a phased implementation of e-invoicing, digital reporting, and simplified registration processes across the EU from 2025 to 2035",https://edicomgroup.com/blog/vida-the-european-union-promotes-b2b-electronic-invoicing,Industry,Regulation,E-invoicing,,International
2025,11/02/2025,"Upwell, a payment automation platform for the logistics industry, secures $6.5M  in seed funding to enhance its AI-driven invoicing solution and expand its market presence",https://www.indexbox.io/blog/upwell-secures-65-million-to-revolutionize-logistics-payment-automation/,Index box,Funding,Others,,
2025,2/13/2025,ION Commodities integrates Avalara's tax compliance automation offerings into its energy and commodity management solutions,https://www.prnewswire.com/news-releases/ion-partners-with-avalara-to-tackle-tax-compliance-risks-in-energy-trading-302373836.html,Avalara,Partnership,Tax Compliance,,
2025,11/02/2025,"Arrow Electronics partners with Sovos to become the main distributor of Sovos' tax compliance solutions in France, Spain, and Belgium",https://www.channelbiz.fr/2025/02/09/distribution-arrow-reference-sovos-pour-simplifier-la-conformite-fiscale-des-entreprises-est-un-tres-bon-titre/,Sovos,Partnership,Tax Compliance,,International
2025,11/02/2025,"Sovos announces SAP certification for technical integration of Sovos VAT Filing, Tax Determination, and e-Invoicing solutions within its Indirect Tax Suite",https://sovos.com/press-releases/sovos-achieves-full-sap-certification-for-its-indirect-tax-suite/?_gl=1*dogy1b*_up*MQ..*_ga*MTMzNDE0NzY5Mi4xNzM5NzkwODE2*_ga_E6KJ55E4Q5*MTczOTc5MDgxNi4xLjEuMTczOTc5MDgzMS4wLjAuMA..,Sovos,Certification,Tax Compliance,,International
2025,12/02/2025,"Brazil updates its NFCom implementation timeline, requiring taxpayers to adopt real-time electronic invoicing for communication and telecommunications services by November 1, 2025,",https://www.comarch.com/trade-and-services/data-management/legal-regulation-changes/brazil-introduces-nfcom-as-a-new-mandatory-e-invoicing-requirement/,Industry,Regulation,E-invoicing,,International
2025,02/13/2025,SpotDraft raises $54M in Series B funding with Vertex Growth Singapore and Trident Partners as lead investors; this brings its total funding to ~$82M,https://www.legalitprofessionals.com/global-news/14054-spotdraft-secures-54-million-to-lead-ai-contract-lifecycle-management,SpotDraft,,Corp Legal,,International
2025,02/17/2025,"Agentic AI startup, Eudia closes a $105M Series A funding round led by General Catalyst, to build out the platform’s use cases and looks to acquire other startups in the future",https://www.artificiallawyer.com/2025/02/13/eudia-bags-up-to-105m-for-augmented-intelligence-platform/,Eudia,,Corp Legal,,
2025,02/17/2025,"Mishcon de Reya invests in Ctrl AI, a legal ops agentic AI startup for disputes and document analysis",https://www.artificiallawyer.com/2025/02/17/mishcon-invests-in-ctrl-ai-agentic-ai-legal-ops-startup/,Ctrl Al,,Corp Legal,,International
2025,02/13/2025,"Aracor AI, GenAI-powered contract review solution raises $4.5M in pre-seed funding led by Fuel Venture Capital to improve security and AI features on its platform",https://www.law.com/legaltechnews/2025/02/13/legal-tech-startup-aracor-ai-announces-45-million-pre-seed-funding-round/,Aracor AI,,Corp Legal,,
2025,02/12/2025,Adobe announces contract intelligence capabilities in its Acrobat AI Assistant to streamline contract review process,https://www.law.com/legaltechnews/2025/02/12/adobe-launches-contract-intelligence-capabilities-in-its-acrobat-ai-assistant/,Adobe,,Corp Legal,,
2025,02/11/2025,"SimpleDocs launches SimpleAI, an AI powered contract review tool with customizable playbooks",https://www.lawnext.com/2025/02/simpledocs-launches-simpleai-an-ai-powered-contract-review-tool-with-customizable-playbooks-plus-video-demo.html,SimpleDocs,,Corp Legal,,
2025,02/10/2025,"Law Insider launches oneSaaS, a standardized template for cloud services agreements; the launch follows Law Insider’s acquisition of oneNDA in October",https://www.lawnext.com/2025/02/law-insider-launches-onesaas-standard-cloud-services-agreement-building-on-onenda-success.html,Law Insider,,Corp Legal,,
2025,02/13/2025,"Managed services company, Factor acquires legal tech design firm, Theory and Principle to develop and deliver AI legal services",https://www.lawnext.com/2025/02/managed-services-company-factor-acquires-legal-tech-design-firm-theory-and-principle-to-accelerate-its-push-into-ai-enabled-legal-services.html,Factor,,Corp Legal,,
2025,12/02/2025,"Socure launches RiskOS, a risk decisioning engine to streamline fraud prevention, compliance with real-time decisioning and orchestration capabilities through a no-code interface",https://www.socure.com/news-and-press/riskos-launch,Socure,Product Launch,Corp Risk,,
2025,12/02/2025,"Experian partners with ValidMind,a model risk management solutions provider to transform financial institutions' approach on regulatory compliance, operational inefficiencies and need for scalable governance solutions",https://www.experianplc.com/newsroom/press-releases/2025/experian-and-validmind-partner-to-transform-model-risk-managemen,Experian,Partnership,Corp Risk,,
2025,2/28/2025,"Avalara releases an updated connector for Salesforce Revenue Cloud that assists in automating field mappings, calculations, and policy management",https://newsroom.avalara.com/2025-02-28-Avalara-Announces-Integration-for-Salesforce-Revenue-Cloud-on-Salesforce-AppExchange,Avalara,Partnership,Tax Compliance,,
2025,2/25/2025,Auditoria.AI raises $38M in Series B funding round to improve its agentic AI solutions that includes SmartCustomer for accounts receivable and SmartVendor for accounts payable,https://www.pymnts.com/news/investment-tracker/2025/auditoria-ai-raises-38-million-to-grow-agentic-ai-for-finance/,Auditoria,Funding,E-invoicing,Gen AI,
2025,2/25/2025,Vertex e-Invoicing announces integration of its Continuous Transaction Controls (CTC) with Periodic Transaction Controls (PTC),https://www.globenewswire.com/news-release/2025/02/26/3032975/0/en/Vertex-Expands-e-Invoicing-Capabilities-to-Streamline-Compliance-Reporting.html,Vertex,Product Enhancement,E-invoicing,,International
2025,2/25/2025,,,Vertex,Earnings,,,
2025,2/25/2025,"Sovos announces the availability of its VAT Filing solution on AWS Marketplace, enabling flexibility to purchase and manage the solution directly within AWS Marketplace account",https://www.businesswire.com/news/home/20250226853269/en,Sovos,Product Enhancement,Tax Compliance,,
2025,12/02/2025,"Project44 introduces six AI-powered capabilities to assist supply chain visibility and efficiency, including AI Data Quality Agents, AI Disruption Navigator, and MO, the AI Supply Chain Assistant, within its Movement platform",https://www.project44.com/press-releases/project44-enhances-movement-platform-with-six-new-ai-optimization-capabilities/,Project 44,Product Launch,GTM,Gen AI,
2025,2/26/2025,"Insightsoftware launches Lineos, an AI-driven suite of capabilities that enhances financial planning, analysis, and reporting",https://insightsoftware.com/blog/introducing-lineos-ai-powered-by-insightsoftware-transforming-finance-workflows-with-actionable-insights/,Insightsoftware,Product Launch,Tax Compliance,Gen AI,
2025,03/03/2025,"Avalara announces 29 certified integrations that span across accounting, ERPs, e-commerce, point of sale, mobile commerce, and payments",https://newsroom.avalara.com/2025-03-03-Avalara-Announces-29-Newly-Certified-Integrations-into-Business-Applications,Avalara,Partnership,Tax Compliance,,
2025,06/03/2025,"Descartes announces FY2025 earnings, overall revenue ($651M) grew by 14% mostly driven by transport visibility and trade intelligence solutions and it also reported an adjusted EBITDA of ~$285M",https://www.descartes.com/resources/news/descartes-announces-fiscal-2025-fourth-quarter-and-annual-financial-results,Descartes,Earnings,GTM,,
2025,05/03/2025,"Flex, a banking and AP automation provider focused on SMBs, raises $225M in debt and equity funding with which it plans to add AR automation capabilities like invoicing and reconciliation",https://www.pymnts.com/news/b2b-payments/2025/flex-raises-225-million-for-finance-platform-for-business-owners/,Flex,Funding,AP/AR Automation,,
2025,07/03/2025,"Starting March 1, 2025, Swedish Customs transitions to a Peppol-based invoicing system, requiring businesses to adapt their systems, obtain a Peppol ID, appoint an operator, and access updated PDF invoices for compliance with VAT reporting",https://www.vatupdate.com/2025/03/07/sweden-adopts-peppol-for-customs-invoicing-in-2025/,Industry,Regulation,E-invoicing,,International
2025,07/03/2025,"Norway is evaluating the extension of its PEPPOL-based e-invoicing mandate from B2G to B2B transactions while studying necessary regulatory frameworks, with no implementation timeline yet established",https://www.comarch.com/trade-and-services/data-management/legal-regulation-changes/norway-explores-mandatory-e-invoicing-for-b2b-transactions/,Industry,Regulation,E-invoicing,,International
2025,05/03/2025,"Numeral, a sales tax compliance vendor, raises $18M in Series A funding to expand its focus towards SaaS companies",https://www.businesswire.com/news/home/20250305498838/en/Numeral-Secures-18-Million-in-Series-A-Funding-to-Help-Businesses-Manage-State-by-State-Sales-Tax-Requirements,Numeral,Funding,Tax Compliance,,
2025,04/03/2025,LSEG Risk Intelligence announces the launch of Global Account Verification (GAV) in APAC and EMEA to combat the Authorised Push payment (APP) and cross-border payment fraud,https://www.lseg.com/en/media-centre/press-releases/2025/lseg-risk-intelligence-launches-global-account-verification-tackle-cross-border-payment-fraud-apac-emea,LSEG,Product Launch,Corp Risk,,
2025,05/03/2025,"Riskified announces the launch of Adaptive Checkout, a solution designed to drive higher conversion rates, reduce false declines and mitigate fraud for ecommerce merchants",https://www.riskified.com/press/riskified-unveils-adaptive-checkout-ai-fraud-prevention-that-maximizes-ecommerce-conversion-rates/,Riskified,Product Launch,Corp Risk,,
2025,06/03/2025,"IDNow, an identity verification provider announces majority investment from Corsair Capital, to accelerate its growth in EU market and build strong positions in multiple geographies",https://www.idnow.io/pr/idnow-announces-strategic-majority-investment-from-corsair-capital/,Idnow,Investment,Corp Risk,,
2025,03/03/2025,"Palantir partners with TWG Global, a holding company to redefine AI deployment in banking, investment management, insurance and other financial services",https://investors.palantir.com/news-details/2025/Palantir-and-TWG-Global-Announce-Joint-Venture-to-Deploy-AI-Program-Across-Financial-Services-and-Insurance/,Palantir,Partnership,Corp Risk,,
2025,05/03/2025,"According to 2025 Face Liveness Market Report and Buyers Guide from Biometric Update and Goode Intelligence, the global face biometric liveness detection market will surpass $250M by 2027",https://www.biometricupdate.com/202503/face-liveness-detection-market-to-reach-250m-by-2027,Industry,Report,Corp Risk,,
2025,07/03/2025,"Persona, an identity verification company updates its unified KYC and KYB platform to combat fraud through advanced business impersonation detection, online presence verification and ownership analysis capabilities","https://ffnews.com/newsarticle/fintech/persona-unveils-industry-first-business-fraud-prevention-solution/#:~:text=Persona%20helps%20customers%20streamline%20and%20automate%20global%20Know,onboard%20businesses%20faster%20while%20maintaining%20robust%20verification%20standards.",Persona,Product Launch,Corp Risk,,
2025,2/27/2025,"LexisNexis Risk Solutions launches Flyreel for Claims, an AI property survey solution designed to improve risk assessment and ensure faster and more accurate claims management processes",https://risk.lexisnexis.com/about-us/press-room/press-release/20250227-flyreel-for-claims,LexisNexis Risk,Product Launch,Corp Risk,,
2025,04/03/2025,"TransUnion partners with Truework, an income and employment verification provider to streamline verification capabilities and accelerate underwriting while minimizing costs",https://newsroom.transunion.com/transunion-and-truework-align-to-provide-mortgage-lenders-expanded-access-to-verification-of-income-and-employment,TransUnion,Partnership,Corp Risk,,
2025,04/03/2025,ContractPodAi’s Leah partners to add agentic contracting capabilities to Epiq Service Cloud,https://contractpodai.com/news/epiq-alliance-leah/,,,Corp Legal,,
2025,04/03/2025,"Autologyx, a workflow automation tool, launches a range of GenAI capabilities to support legal tasks for agentic programs, such as triage for email intake",https://www.artificiallawyer.com/2025/03/10/autologyx-rolls-out-new-genai-capabilities/,,,Corp Legal,,
2025,04/03/2025,"Consilio partners with LegalMation, a provider of AI-driven responses for dispute needs, to handle ‘process level work’",https://www.artificiallawyer.com/2025/03/05/consilio-legalmation-partner-for-automated-inhouse-needs/,,,Corp Legal,,
2025,11/03/2025,"Clearco partners with Kintsugi to offer Shopify merchants AI-powered sales tax automation software at a discount, addressing the upcoming suset of their traditiona  AvaTax for Shopify integration",https://trykintsugi.com/blog/clearco-partners-with-kintsugi-to-make-sales-tax-easier-for-ecommerce-brands,Kintsugi,Partnership,Tax Compliance,,
2025,12/03/2025,The 2025 Tax Changes Readiness Survey by Bloomberg Tax & Accounting highlights the challenges faced by corporate tax departments due to outdated processes and emphasizes the urgent need for advanced technology to navigate the sunset of key TCJA provisions and other potential tax law changes,https://pro.bloombergtax.com/insights/company-news/new-bloomberg-tax-survey-highlights-need-for-tax-technology-in-responding-to-law-change/,Industry,Report,Tax Compliance,,
2025,11/03/2025,"Lenorasoft introduces Anusaar, an AI-powered e-invoicing platform for businesses in UAE which also provides them AP and AR automation capabilities. It claims to be ERP-agnostic, having integrations with SAP, Oracle and Microsoft's ERPs",https://fox40.com/business/press-releases/ein-presswire/789694514/meet-lenorasofts-anusaar-e-invoicing-solution-ai-driven-e-invoicing-for-effortless-compliance-and-financial-efficiency/,Anusaar,Product Launch,E-invoicing,,International
2025,11/03/2025,"Comarch joins the Digital Business Networks Alliance, enhancing its e-invoicing ecosystem and enabling document exchange across North America and internationally",https://www.comarch.com/trade-and-services/data-management/news/comarch-joins-the-digital-business-networks-alliance/,comarch,Product Update,E-invoicing,,
2025,11/03/2025,"xSuite, an AP automation service provider, partners with Hypatos integrating Hypatos' AI capabilities into xSuite's invoice processing solutions while xSuite's SAP-integrated workflows enhance Hypatos' AP automation offerings",https://www.globenewswire.com/news-release/2025/03/11/3040736/0/en/xSuite-and-Hypatos-Announce-Strategic-Partnership.html,xSuite,Partnership,E-invoicing,,
2025,3/13/2025,"Greece receives formal EU authorization to implement mandatory B2B e-invoicing nationwide starting July 2025, with data flowing to the myDATA platform in line with EU's ViDA",https://sovos.com/regulatory-updates/vat/greece-formal-eu-approval-for-b2b-e-invoicing-mandate-published/,Industry,Regulation,E-invoicing,,International
2025,3/14/2025,"The UAE Ministry of Finance releases accreditation requirements for service providers to participate in the invoice exchange system, which includes testing, Peppol certification, operational experience, and ISO certifications",https://snitechnology.net/uae-e-invoicing-a-new-era-of-digital-tax-compliance/,Industry,Regulation,E-invoicing,,International
2025,3/18/2025,,https://www.brighttalk.com/webcast/720/636401?utm_source=wisepop&utm_medium=web-popup&utm_campaign=TR+March+webinar,Webinar,Webinar,Webinar,,
2025,04/03/2025,"Palantir partners with Societe Generale,a European bank to manage and mitigate risks associated with its international retail banking activities through its anti financial crime solutions",https://investors.palantir.com/news-details/2025/Palantir-Partners-with-Societe-Generale/,Palantir,Partnership,Corp Risk,,
2025,06/03/2025,Riskified receives takeover interest and is reportedly exploring a sale or other options after the company's stock losing more than 80% of its value,https://www.pymnts.com/fraud-prevention/2025/report-riskified-considering-sale-after-receiving-takeover-interest/,Riskified,,Corp Risk,,
2025,09/03/2025,"Feedzai launches TRUST Framework at the HumanX conference to enable organizations with a comprehensive blueprint for ethical, secure and high-performing GenAI solutions",https://www.feedzai.com/pressrelease/feedzai-trust-framework-genai-humanx/,Feedzai,Product Launch,Corp Risk,,
2025,10/03/2025,"Sift launches Identity Trust XD to transform fraud decisioning with cross-dimensional identity insights across an array of industry verticals, geographies and use cases",https://www.globenewswire.com/news-release/2025/03/10/3039944/0/en/Sift-Introduces-Identity-Trust-XD-Fraud-Decisioning-with-Cross-Dimensional-Identity-at-its-Core.html,Sift,Product Launch,Corp Risk,,
2025,11/03/2025,"Feedzai launches ScamAlert, a GenAI powered fraud detection tool to strengthen fraud prevention capabilities through real-time feedback for identification of fraudulent activities and customer education",https://www.feedzai.com/pressrelease/feedzai-launches-scamalert-genai-fraud-agent/,Feedzai,Product Launch,Corp Risk,,
2025,11/03/2025,"Visa's anti-scam unit, sitting under Visa Payment Ecosystem Risk and Control (PERC) saved potential victims $350M in 2024 by using GenAI tools to identify complex relationships and parse through massive datasets to mitigate identity fraud","https://www.pymnts.com/fraud-prevention/2025/visa-says-new-anti-fraud-unit-blocked-350-million-in-scam-attempts/#:~:text=Visa%20says%20its%20new%20anti-fraud%20disruption%20department%20saved,blocked%20%2440%20billion%20in%20attempted%20fraud%20in%202024.",Visa,,Corp Risk,,
2025,3/13/2025,Oracle launches new agentic AI capabilities into its Investigation Hub Cloud Service to help automate financial crime investigative workflows,https://www.oracle.com/news/announcement/oracle-brings-ai-agents-to-the-fight-against-financial-crime-2025-03-13/,Oracle,Product Launch,Corp Risk,,
2025,3/14/2025,"Palantir partners with R1, a revenue cycle management provider to launch R37, an AI lab dedicated to enhance healthcare financial performance",https://investors.palantir.com/news-details/2025/R1-Launches-R37-An-AI-Lab-to-Transform-Healthcare-Financial-Performance-in-Exclusive-Partnership-with-Palantir/,Palantir,Partnership,Corp Risk,,
2025,3/19/2025,"Trinamix, a cloud transformation partner of Oracle, partners with Avalara to become a certified implementer of their tax compliance solutions, assisting in tax processes for Oracle Cloud ERP clients",https://www.trinamix.com/trinamix-partners-with-avalara-for-certified-implementation-services/,Avalara,Client win,Tax Compliance,,
2025,3/18/2025,"EY launches EY.ai Agentic Platform, developed in collaboration with NVIDIA, one of the use cases EY claims is to enhance supply chain efficiency and tax compliance processes by integrating AI agents with EY's expertise",https://www.ey.com/en_gl/newsroom/2025/03/ey-launching-ey-ai-agentic-platform-created-with-nvidia-ai-to-drive-multi-sector-transformation-starting-with-tax-risk-and-finance-domains,EY,Product Launch,Tax Compliance,Gen AI,
2025,3/19/2025,,https://www.pymnts.com/artificial-intelligence-2/2025/integrating-ai-into-accounts-payable-gives-firms-cash-flow-crystal-ball/,Industry,Report,AP/AR Automation,,
2025,3/19/2025,"AkuCalc, an indirect tax solution provider expands its sales tax automation software with new integrations for FileMaker, Stripe, Great Plains, and BigCommerce",https://www.wfxrtv.com/business/press-releases/ein-presswire/795000194/clarus-partners-expands-akucalc-integrations-enhancing-sales-tax-calculation-capabilities-across-more-platforms/,AcuCalc,Partnership,Tax Compliance,,International
2025,3/13/2025,"The Digital Business Networks Alliance (DBNA) has developed a structured e-remittance approach based on ISO 20022, which standardizes remittance advice formats, facilitates easier reconciliation, and integrates with ERP systems to support various payment methods,",https://www.theinvoicinghub.com/dbnalliance-network-to-introduce-e-remittance-support/,Industry,Regulation,E-invoicing,,
2025,3/24/2025,"DefiTax, a cryptocurrency tax platform, launches its tax reporting solution for decentralized finance (DeFi) users, offering automated transaction tracking, accurate tax calculations, and IRS-compliant reporting",https://techbullion.com/defitax-us-launches-to-simplify-crypto-tax-reporting-amid-u-s-governments-strategic-cryptocurrency-adoption/,DeFiTax,Product Launch,TIR,,
2025,03/18/2025,The AAA partners with Dioptra to integrate AAA’s library of clauses into Dioptra’s contract review process,https://www.artificiallawyer.com/2025/03/18/aaa-partners-with-dioptra-genai-pioneer/,Dioptra,Partnership,Corp Legal,GenAI,
2025,03/18/2025,"Harbor, a consulting company that provides services to the legal industry, acquires CLIENTSFirst Consulting, a marketing firm that provides consulting on client relationship management, data quality and e-marketing",https://harborglobal.com/news-releases/harbor-to-accelerate-law-firm-business-development-with-acquisition-of-clientsfirst-consulting/,Harbor,M&A,Corp Legal,,
2025,03/18/2025,"Exterro and Integreon partner to deliver managed eDiscovery and document review services, combining Exterro’s data risk management software with Integreon’s document review",https://www.exterro.com/about/news/exterro-and-integreon-join-forces-to-deliver-the-gold-standard-in-managed-e-discovery-and-document-review-solutions,Exterro,Partnership,Corp Legal,,
2025,03/18/2025,"eDiscovery and managed review provider, Consilio launches Aurora, a legal data management platform",https://www.consilio.com/resource/consilio-launches-aurora,Consillio,Product Launch,Corp Legal,,
2025,06/03/2025,"Socure launches Identity Manipulation Risk Score, a predictive risk solution designed to stop repeat first-party fraud abusers through real-time analysis od dispute histories, payment denials and account closure data",https://www.socure.com/news-and-press/socure-introduces-first-ever-identity-manipulation-risk-score-for-first-party-fraud/,Socure,Product Launch,Corp Risk,,
2025,3/20/2025,"Sift launches Global Identity Insights and other enhancements to its payment fraud protection model, ensuring enhanced fraud detection accuracy through identity data and decisioning capabilities",https://www.globenewswire.com/news-release/2025/03/20/3046519/0/en/Sift-Unveils-Global-Identity-Insights-and-Other-Innovations-to-Deliver-Rapid-and-Accurate-Risk-Decisioning.html,Sift,Product Enhancement,Corp Risk,,
2025,03/03/2025,"Cordiance introduces automated on-demand tax matrix generation in its Product Mapping Accelerator, allowing users to quickly create, refresh, and validate accurate tax matrices and product mappings",https://www.linkedin.com/posts/cordiance_automated-tax-matrices-on-demand-hot-on-activity-7300404005069864960-5YpM?utm_source=share&utm_medium=member_desktop&rcm=ACoAADq0lXQBXTqj-sy6tAYLEbCUl7FuRmFXwsw,Cordiance,Product Enhancement,Tax Compliance,,
2025,1/28/2025,Viseo partners with Generix for e-invoicing,https://www.generixgroup.com/en/press-release/generix-viseo-partnership-e-invoicing-digital-transformation,Viseo,Partnership,E-invoicing,,International
2025,09/03/2025,"KLA Advogados joins as a Certified Service Provider for Orbitax's Global Minimum Tax Solution,to assist Brazilian multinational enterprises navigate BEPS Pillar Two compliance",https://www.linkedin.com/posts/orbitax_orbitax-x-kla-law-partners-activity-7302703312808656896-MIkr/?utm_source=share&utm_medium=member_desktop&rcm=ACoAAAVSiL0BXJHVEWkUeGGjhSRzUtljTeC00f4,Orbitax,Partnership,BEPS,,
2025,3/28/2025,"The Italian Ministry of Finance's February 25, 2025 decree outlines notification requirements for companies opting out of global information return submissions under the global minimum tax regime",https://orbitax.com/news/archive.php/Update---Decree-for-Italian-Gl-58329,Industry,Regualtion,BEPS,,
2025,11/03/2025,"The European Economic and Financial Affairs Council has reached a political agreement on DAC9, which will simplify multinational enterprises' Pillar 2 tax reporting by enabling centralized filing while enhancing information exchange between tax authorities",https://www.orbitax.com/news/archive.php/European-Economic-and-Financia-58328,Industry,Regulation,BEPS,,
2025,3/28/2025,Tesorio launches an AI Supplier Portals Agent that autonomously manages portal-based invoicing from submission to payment tracking assisting accounts receivable processes,https://www.pymnts.com/news/b2b-payments/2025/tesorio-adds-ai-agent-for-supplier-portals-to-ar-automation-platform/,Tesorio,Product Enhancement,AP/AR Automation,,
2025,3/26/2025,"PairSoft partners with Bottomline to integrate Paymode business payments network into its procure-to-pay solutions, enabling automated vendor payments within existing AP workflows",https://www.linkedin.com/posts/pairsoft_were-thrilled-to-announce-our-partnership-activity-7310310252329992193-l8gp?utm_source=share&utm_medium=member_desktop&rcm=ACoAADq0lXQBXTqj-sy6tAYLEbCUl7FuRmFXwsw,Pairsoft,Partnership,AP/AR Automation,,
2025,3/28/2025,TaxCloud updates its Shopify integration by allowing to automatically map Taxability Information Codes using Shopify's Standard Product Taxonomy,https://www.linkedin.com/posts/fedtax_sales-tax-compliance-just-got-even-simpler-activity-7311395610274758656-LUl8?utm_source=share&utm_medium=member_desktop&rcm=ACoAADq0lXQBXTqj-sy6tAYLEbCUl7FuRmFXwsw,TaxCloud,Product Enhancement,Tax Compliance,,
2025,3/26/2025,"E2open launches AI-enhanced global trade tools that automates classifications, simplifies regulatory content, and enhances processing of unstructured documents",https://www.businesswire.com/news/home/20250326637655/en/E2open-Introduces-Innovations-in-Global-Trade-Compliance-Technology-to-Help-Companies-Address-New-and-Evolving-Challenges,E2Open,Product Enhancement,GTM,,
2025,3/29/2025,,https://www.linkedin.com/posts/orbitax_orbitax-pagero-taxtechnology-activity-7311054460821061633-niEA?utm_source=share&utm_medium=member_desktop&rcm=ACoAADq0lXQBXTqj-sy6tAYLEbCUl7FuRmFXwsw,Orbitax,Partnership,E-invoicing,,
2025,3/31/2025,Anrok expands its tax compliance platform to encompass both physical products and digital services,https://www.businesswire.com/news/home/20250331021941/en/Anrok-Expands-Platform-to-Support-Physical-Goods-Powering-Tax-Compliance-for-Technologys-Physical-Future,Anrok,Expansion,Tax Compliance,,
2025,3/26/2025,Quaderno and GoCardless integrate services to offer small and medium-sized businesses automated payment collection and e-invoicing compliance with Spain's Verifactu system,https://gocardless.com/es/blog/gocardless-se-alia-con-la-espanola-quaderno/,Quaderno,Partnership,Tax Compliance,,International
2025,3/25/2025,"Descartes Systems Group acquires transportation management solutions provider 3GTMS for approximately US $115M, which mostly deals with domestic transport and logistics",https://www.descartes.com/resources/news/descartes-acquires-3gtms,Descartes,M&A,GTM,,
2025,03/25/2025,"Legal technology platform, Law Insider launches its AI-powered contract drafting, review and redlining tools for its global community of 1.2M registered legal users",https://www.lawnext.com/2025/03/law-insider-announces-low-cost-and-free-ai-powered-contract-tools-for-1-2-million-legal-users.html,Law Insider,Product Launch,Corp Legal,,
2025,03/24/2025,"eDiscovery Assistant, a platform for eDiscovery case law and resources, rebrands as Minerva26",https://minerva26.com/ediscovery-assistant-rebrands-as-minerva26-a-new-era-of-strategic-discovery-begins/,Minerva26,Rebranding,Corp Legal,,
2025,03/31/2025,"Feedzai partners with Highnote, a fintech company to support its new acquiring business line through real-time fraud prevention and merchant monitoring capabilities",https://www.feedzai.com/pressrelease/highpoint-selects-feedzai-fraud-prevention/,Feedzai,Partnership,Corp Risk,,
2025,03/27/2025,"Sift's Q1 2025 Digital Trust Index reveals an 89% YoY increase in consumers participating in online payment fraud; report also highlights the transition of payment fraud from sophisticated channels to everyday available tools and services, lowering barrier to entry",https://www.globenewswire.com/news-release/2025/03/27/3050760/0/en/Payment-Fraud-Goes-Mainstream-Sift-s-Q1-2025-Digital-Trust-Index-Reveals-89-Surge-in-Consumer-Exposure-to-Fraud-Schemes.html,Sift,Report,Corp Risk,,
2025,03/31/2025,Nasdaq's Financial Crime Insights: Europe report reveals an estimated $103.6B in losses resulting from various scams and bank fraud scenarios; report also states $195B of the funds laundered was moved across borders owing to increase in cross-border transactions,https://verafin.com/news/nasdaq-verafin-report-finds-that-750-billion-in-money-laundering-and-illicit-funds-flowed-through-europe/,Verafin,Report,Corp Risk,,
2025,03/31/2025,"Dow Jones completes acquisition of Dragonfly Intelligence, a geopolitical and security intelligence provider and Oxford Analytica, a geopolitical intelligence advisory service provider",https://www.dowjones.com/press-room/dow-jones-completes-acquisition-of-dragonfly-intelligence-and-oxford-analytica/,Dow Jones,Acquisition,Corp Risk,,
2025,03/04/2025,"Blossom integrates April's Filer, a tax filing solution, into its digital banking platform, enabling credit unions to offer embedded tax services to members",https://www.getapril.com/resources/Blog/blossom-and-april-partner-to-help-credit-unions-boost-deposits-through-seamless-tax-filing-tZuR9dzhw2SeWpEgiJxpxC,April,Partnership,Direct Tax,,
2025,03/04/2025,"TaxConnex introduces TaxC, a sales tax compliance solution that combines CereTax's AI based calculation technology to deliver tax calculations, filing, remittance, and ledger reconciliation",https://www.taxconnex.com/blog-/introducing-taxc,TaxConnex,Product Launch,Tax Compliance,AI,
2025,01/04/2025,"Providence Equity Partners acquires Tax Systems, a corporate tax and Pillar2 compliance platform, from Bowmark Capital to accelerate the tax software provider's growth and expand its technology platform",https://www.taxsystems.com/tax-news/tax-systems-welcomes-new-investor-providence-equity-partners/,Tax Systems,Acquisition,Direct Tax,"VC, equity firm",International
2025,07/04/2025,"Pennylane, a Paris-based accountancy platform, raises an additional $82M from investors including Sequoia Capital and Meritech to expand its financial management and e-invoicing capabilities for SMEs",https://www.eu-startups.com/2025/04/unicorn-pennylane-bags-an-additional-e75-million-for-electronic-invoicing/,Pennylane,Funding,E-invoicing,"VC, equity firm",International
2025,02/04/2025,"AvidXchange launches AI agents and enhancements to its invoice automation solution, including an approval agent, a purchase order matching agent, and improved Invoice capture capabilities",https://www.globenewswire.com/news-release/2025/04/02/3054394/0/en/AvidXchange-Unveils-New-AI-Agents-to-Elevate-Accounts-Payable-Processes.html,AvidXchange,Product Launch,AP/AR Automation,AI,
2025,01/04/2025,"Ancora,  partners with Access Group to integrate its Intelligent Document Processing technology into Access Group's business management software and AP automation offerings",https://www.conchovalleyhomepage.com/business/press-releases/ein-presswire/796955104/ancora-software-and-the-access-group-forge-strategic-partnership-to-revolutionize-document-processing-for-ap-automation/,Ancora,Partnership,AP/AR Automation,,
2025,04/04/2025,The Danish Business Authority postpones the final release of the OIOUBL 3.0 invoice package from April 2025 to October 2025 due to stakeholder inquiries requiring additional analysis,https://snitechnology.net/oioubl-3-0-final-release-postponed-to-october-2025,Industry,Regualtion,Regulations,,
2025,01/04/2025,"GBG launches GBG Go, a comprehensive identity platform offering complete identity fraud protection capabilities and onboarding genuine customers",https://www.gbg.com/en/news/gbg-launches-gbg-go/,GBG,Product launch,Corp Risk,,
2025,03/04/2025,"Experian launches enhancements to Aperture Data Studio, a data quality and governance platform; updates ensure improved data catalogue, improved customer experience and risk management capabilities",https://www.experianplc.com/newsroom/press-releases/2025/experian-announces-major-update-to-aperture-data-studio,Experian,Product enhancements,Corp Risk,GenAI,
2025,02/04/2025,Nice Actimize announces X-Sight ActOne platform with Agentic AI capabilities to orchestrate fraud and financial crime prevention workflows on a single platform,https://www.niceactimize.com/press-releases/nice-actimize-x-sight-actone-platform-redefines-financial-crime-investigations-with-agentic-ai-476/,Nice Actimize,Product Launch,Corp Risk,Agentic AI,
2025,04/04/2025,"The Global Identity Verification research conducted by Entrust and Docusign reveals identity fraud as a growing threat, with 69% of the organizations reporting increased fraud attempts",https://www.entrust.com/company/newsroom/identity-fraud-costs-organizations-an-average-of-7-million-annually-says-new-research-from-docusign-and-entrust,Entrust,Report,Corp Risk,,
2025,03/04/2025,"Visa expands its services portfolio with the addition of ARIC Risk Hub, a platform that leverages adaptive AI to build customer profiles, stop bad actors and maximise approvals",https://www.featurespace.com/newsroom/visa-boosts-ai-capabilities-to-further-reduce-fraud-with-featurespace,Visa,Integration,Corp Risk,,
2025,3/31/2025,"Dow Jones launches Risk Journal, a risk solution for the risk and compliance business offering personalized and actionable insights",https://www.dowjones.com/press-room/dow-jones-launches-premium-news-product-for-risk-compliance-professionals/,Dow Jones,Product launch,Corp Risk,,
2025,08/04/2025,"Vertex integrates its global tax automation solutions with Coupa's Total Spend Management platform assisting in field mapping, tax code synchronization and tax calculation",https://www.vertexinc.com/company/news/latest-news/vertex-coupa-certified-coupa-total-spend-management-platform-ready,Vertex,Partnership,Tax Compliance,,
2025,10/04/2025,"Vertex also expands its Chief Strategy Office with the addition of Christopher Hall and Kathya Capote Peimbert, who will look into its e-invoicing and global tax compliance domains",https://www.vertexinc.com/company/news/latest-news/vertex-expands-chief-strategy-office-advance-e-invoicing-and-global,Vertex,Appointment,Others,,
2025,09/04/2025,Kintsugi expands its automated tax compliance platform to include European Union VAT support alongside existing US and Canada capabilities,http://trykintsugi.com/blog/kintsugi-supports-eu-vat,Kintsugi,Expansion,Tax Compliance,Kintsugi specific / AI enabling geo expansion,International
2025,11/04/2025,"Ecosio, an e-invoicing provider recently acquired by Vertex, announces minor updates to its infrastructure and API with a new IP range and standardized PDF handling",https://www.linkedin.com/posts/ecosiohq_api-edi-erp-activity-7315685042662301696-j96a?utm_source=share&utm_medium=member_desktop&rcm=ACoAADq0lXQBXTqj-sy6tAYLEbCUl7FuRmFXwsw,Ecosio,Product enhancement,E-invoicing,,International
2025,08/04/2025,Ecosio becomes a certified PDP vendor,https://www.linkedin.com/posts/ecosiohq_france-pdp-einvoicing-activity-7316025443751452672-Vw_8?utm_source=share&utm_medium=member_desktop&rcm=ACoAADq0lXQBXTqj-sy6tAYLEbCUl7FuRmFXwsw,Ecosio,Certification,E-invoicing,,International
2025,10/04/2025,"Avalara combines its existing cross border solutions under its newly announced cross-border compliance suite that will include real-time duty calculation, automated HS code classification, trade restriction management, and access to regulatory data",https://newsroom.avalara.com/2025-04-10-Avalara-Helps-Customers-Meet-Tariff-Obligations-with-AI-Infused-Cross-Border-Solutions,Avalara,Product Launch,GTM,GTM updates theme,
2025,03/04/2025,"Bulgaria is implementing SAF-T reporting in a phased approach from January 2026 to 2030, requiring businesses to submit detailed monthly and annual tax data",https://rtcsuite.com/bulgaria-mandates-saf-t-reporting-from-2026-a-complete-guide-for-businesses/,Industry,Regulation,Regulations,,
2025,07/04/2025,"Experian completes the acquisition of ClearSale, a Brazil based fraud prevention provider for $350M",https://www.biia.com/in-brief-experian-completes-usd350-million-clearsale-acquisition/,Experian,Acquisition,Corp Risk,,
2025,10/04/2025,"TransUnion's OneTru accelerates product innovation, improving fraud capture rates, decreased manual reviews and false positives",https://newsroom.transunion.com/transunions-onetru-accelerates-product-innovation-delivering-exceptional-results/,TransUnion,,Corp Risk,,
2025,07/04/2025,"Nice Actimize introduces Xceed AI AI Agents specializing in the functional areas of AML, Fraud detection and compliance for enhanced fraud and fincrime prevention capabilities",https://www.niceactimize.com/press-releases/nice-actimize-introduces-xceed-ai-agents-for-faster-smarter-fraud-and-fincrime-prevention-477/,Nice Actimize,Product Launch,Corp Risk,,
2025,04/08/2025,"LexisNexis introduces Protégé in Lex Machina for data-informed decisions for claim valuation, risk assessment, counsel retention, settlement negotiation, and more",https://www.lexisnexis.com/community/insights/legal/lex-machina/b/lex-machina/posts/introducing-lexisnexis-protege-in-lex-machina,LexisNexis,Product Update,Corp Legal,,
2025,04/10/2025,CLM platform Ironclad adds new features to its platform including obligation management and entity management,https://finance.yahoo.com/news/ironclad-launches-capabilities-help-enterprises-171300279.html?guccounter=1&guce_referrer=aHR0cHM6Ly93d3cuZ29vZ2xlLmNvbS8&guce_referrer_sig=AQAAAMVXW2a7_YjKmL7qeAzZyoiskvCfy9alsqc-4wtg5qJSwwgzpuKrmYUT44VUo1wQsc55LO5GDFErmIUb6zQUhxZjSZ_OeQA7xTA5rzCebcKQV1XmWkP2eKA8-2KgwyGkwRm5clDOe3rERq0tIuAWFTufb_TlHCDuwH6kcV1wbo0j,Ironclad,Product Update,Corp Legal,,
2025,04/07/2025,"Contract review solutions provider, DocJuris launches a free, AI-powered email agent for corporate legal teams’ contracting processes",https://www.law.com/legaltechnews/2025/04/07/docjuris-unveils-ai-email-agent-for-contract-review-negotiation-enterprise-legal-teams/,DocJuris,Product Launch,Corp Legal,,
2025,04/09/2025,"KPMG expands its AI partnership with Google Cloud, to deploy Google Agentspace to construct agentic AI platforms for legal services clients",https://www.law.com/legaltechnews/2025/04/09/kpmg-partners-with-google-cloud-to-build-agentic-ai-platforms-for-legal-services-clients/,KPMG,Partnership,Corp Legal,,
2025,4/18/2025,"Toku raises $48M  in Series A funding to expand its accounts receivable SaaS platform for enterprise and mid-market businesses across Mexico, Brazil and Chile",https://www.oakhcft.com/news/toku-raises-48-million-series-a,Toku,Funding,AP/AR Automation,"VC, equity firm",International
2025,4/16/2025,Tabs partners with Anrok to integrate their revenue automation platform and tax compliance solution and provide a unified solutions to B2B companies,https://www.anrok.com/resources/anrok-partners-with-tabs-to-unify-revenue-recognition-and-tax-compliance,Anrok,Partnership,Tax Compliance,,
2025,4/15/2025,"Shippeo and Elemica announce a strategic partnership to integrate real-time transportation visibility with end-to-end supply chain execution, enhancing decision intelligence and sustainability for manufacturers",https://www.businesswire.com/news/home/20250415219247/en/Shippeo-and-Elemica-Announce-Global-Partnership-to-Enhance-Supply-Chain-Orchestration,Shippeo,Partnership,GTM,GTM updates,
2025,4/17/2025,"Komgo is rolling out a significant upgrade to its trade finance platform, bundling its solutions into a one-stop shop called Global Trade Konnect, which leverages AI technology to automate and streamline trade finance activities for corporates and banks",https://www.komgo.io/newsroom/introducing-gtk-the-future-of-digital-guarantee-and-trade-finance-management,Komgo,Product Launch,GTM,GTM updates,
2025,4/17/2025,"Rootstock ERP integrates Avalara's AvaTax Cross-Border in it's newly announced tarrif management offering focused on manufacturers while also assisting in landed cost tracking, tariff sumulation, and sourcing optimization processes",https://www.businesswire.com/news/home/20250417298158/en/Rootstock-ERP-Launches-Tariff-Management-for-Manufacturers,Rootstock,Product Launch,GTM,GTM updates,
2025,06/02/2025,,https://www.routable.com/press/routable-announces-revolutionary-ai-agents/,Routable,Product launch,AP/AR Automation,Agentic AI,
2025,4/16/2025,"The UAE Ministry of Finance adopts OECD guidance on Global Anti-Base Erosion Rules (Pillar Two) to implement a 15% minimum tax rate for large multinational enterprises, aligning its tax framework with international standards",https://gulfnews.com/business/corporate-tax/uae-adopts-oecd-guidance-on-global-minimum-tax-rules-1.500095870,Industry,Regulation,Regulations,,International
2025,4/16/2025,,https://www.manilatimes.net/2025/04/16/tmt-newswire/globenewswire/iso-recertification-of-xsuite-groups-ism-system/2093588,SuiteX,Certification,AP/AR Automation,,
2025,4/15/2025,"Workiva Inc secures exclusive approval from the U.S. Department of Treasury as the only financial reporting and GRC platform, capatilizing on the federal government's push for financial management modernization and transparency",https://www.gurufocus.com/news/2780228/workiva-inc-wk-secures-exclusive-approval-for-federal-financial-reporting-platform-wk-stock-news,Workiva,Expansion,Statutory Reporting,,
2025,04/16/2025,Docusign announces purpose-built AI contract agents that can analyse agreements and flag risks,https://investor.docusign.com/investors/press-releases/press-release-details/2025/Docusign-Ushers-in-a-New-Era-of-AI-Contract-Agents-to-Transform-Business/default.aspx,Docusign,Product Announcement,Corp Legal,,
2025,04/15/2025,"Agiloft updates its Data-first Agreement Platform with the integration of Screens, an AI-powered contract review technology",https://www.agiloft.com/news/agiloft-sets-new-benchmark-in-contract-lifecycle-management/?_gl=1*ws32dz*_up*MQ..*_ga*MTg3NzgyNzI3LjE3NDUyMDQ2Mzg.*_ga_DD5XWF2GJ0*MTc0NTIwNDYzNS4xLjEuMTc0NTIwNDY0Mi4wLjAuNjA2MTA5MjE1,Agiloft,Product Update and Partnership,Corp Legal,,
2025,04/16/2025,"Finch Legal, a pre-litigation technology and services startup, announces its public debut and raises $3.75M funding led by Sequoia Capital, with participation from Ironclad founder, CEO Jason Boehmig and others",https://www.finsmes.com/2025/04/finch-raises-seed-funding.html,Finch Legal,Funding,Corp Legal,,
2025,04/15/2025,"Epiq adds AI features to EpiqTMX, to enhance the deposition review, case-building, trial preparation, and presentation platform within Epiq Service Cloud",https://www.epiqglobal.com/en-us/resource-center/announcements/epiqtmx-accelerates-trial-preparation-with-ai-case-concepts-features,Epiq,Product Update,Corp Legal,,
2025,04/01/2025,"International Chamber of Commerce launches Case Connect, a digital case management platform for dispute resolution services, powered by Opus2",https://www.opus2.com/news/icc-launches-icc-case-connect-powered-by-opus2/,Opus2,Client Win,Corp Legal,,
2025,04/15/2025,"British Computer Society selects GenAI software, Panoram to help its legal department automate manual contract creation processes, contract tracking and service management",https://www.panoramdigital.com/2025/04/16/british-computer-society-selects-panoram-to-eliminate-legal-burdens-and-administrative-workload/,Panoram,Client Win,Corp Legal,,
2025,04/17/2025,"Harbor, a consulting company that provides services to the legal industry, appoints Michael Stahl as Chief Integration Officer and General Counsel; prior to this Stahl was the Chief Commercial Officer at architecture and engineering firm, Barge Design Solutions",https://harborglobal.com/news-releases/harbor-appoints-michael-stahl-as-chief-integration-officer-and-general-counsel/,Harbor,Leadership Change,Corp Legal,,
2025,04/17/2025,Sift announces the integration of its Fraud Industry Benchmarking resource (FIBR) into the Sift Console; the capability provides risk teams with immediate access to their fraud performance metrics compared against industry and global benchmarks,https://www.globenewswire.com/news-release/2025/04/17/3063603/0/en/Sift-Brings-Industry-First-Fraud-Benchmarking-to-Console-with-FIBR-Integration-to-Strengthen-Identity-Trust.html,Sift,Product enhancement,Corp Risk,,
2025,04/17/2025,"PingPong, a cross-border embedded payment solution provider, partners with Trulioo to leverage its Business Verification and Watchlist Screening solutions for delivering compliant payment experiences and maximising manual onboarding",https://www.trulioo.com/company/newsroom/press-releases/pingpong-payments-partners-trulioo-global-business-verification,Trulioo,Partnership,Corp Risk,,
2025,04/10/2025,"IDnow aims to evolve its digital identity ecosystem with new mission initiatives focusing on streamlining processes, leveraging AI for automation and building a central platform to address the fragmented identity verification landscape",https://www.idnow.io/pr/idnow-vision-trust-digital-identities/,Idnow,,Corp Risk,,
2025,04/15/2025,"OpenAI releases Verified Organization, an identity verification process for organizations to complete their verification processes and unlock access to advanced models and capabilities on the OpenAI platform",https://www.biometricupdate.com/202504/openai-to-introduce-idv-screening-for-organizations,OpenAI,Product launch,Corp Risk,,
2025,04/17/2025,"Hence AI launches Hence Global, an AI-powered tool built on Palantir's Foundry and AIP that helps organizations monitor geopolitical and business risks, offering insights and analysis to companies and service providers",https://techcrunch.com/2025/04/17/as-the-trade-war-escalates-hence-launches-an-ai-advisor-to-help-companies-manage-risk/,Hence,Product launch,Corp Risk,,
2025,4/25/2025,"Intuit partners with Google to leverage Gemini and Document AI for its TurboTax suite, allowing it to quickly populate IRS tax returns by extracting information from 1099  and other forms through a photo upload",https://www.pymnts.com/artificial-intelligence-2/2025/intuit-google-cloud-partner-to-streamline-tax-filing-with-ai/,Intuit,Partnership,TIR,Gen AI,
2025,4/24/2025,,https://www.pymnts.com/news/investment-tracker/2025/alternative-payments-raises-22-million-dollars-b2b-platform-underserved-industries/,Alternative Payments,Funding,AP/AR Automation,"VC, equity firm",
2025,4/25/2025,"Accountable provides self-employed entrepreneurs in Belgium and Germany with intuitive financial management solutions, empowering them to manage bookkeeping, invoicing, banking, and taxes efficiently, while being supported by Visma's scale and expertise",https://www.visma.com/news/visma-bolsters-offering-to-self-employed-entrepreneurs-with-investment-in-accountable,Visma,Acquisition,Tax Compliance,"VC, equity firm",International
2025,4/22/2025,"RTC and Mondial partner to deliver an integrated cloud-based financial reporting and compliance solution under the RTC brand, combining Mondial's multi-ERP accounting hub with RTC's e-invoicing, VAT reporting, and other regulatory reporting capabilities for global customers",https://rtcsuite.com/rtc-and-mondial-to-provide-global-financial-reporting-and-compliance-solution/,RTC,Partnership,Others,,International
2025,4/22/2025,"The French National Assembly maintains the original timeline for mandatory e-invoicing reform, starting September 1, 2026, with potential deferrals by decree until December 2027 for large companies and December 2028 for SMEs and microenterprises",https://snitechnology.net/france-confirms-e-invoicing-mandate-timeline-amendment-rejected/,Industry,Regulation,Regulations,,International
2025,4/22/2025,"Supplier.io a supply chain visibility provider, partners with People and Planet First to integrate verified enterprise data into its supplier intelligence platform, enhancing supply chain transparency and enabling more responsible sourcing decisions",https://www.businesswire.com/news/home/20250422572615/en/Supplier.io-Partners-with-People-and-Planet-First-to-Advance-Supplier-Intelligence-in-Global-Supply-Chains,Supplier.io,Partnership,GTM,GTM,
2025,10/04/2025,"ESG Book launches LEO, a sustainability data platform developed with BCG that assists sustainability data sourcing, reporting, and disclosure requirements for companies and financial institutions",https://www.esgtoday.com/esg-book-bcg-launch-new-sustainability-reporting-platform/,BCG,Product launch,ESG,,
2025,4/24/2025,"Oracle announces enhancements to it's Oracle Fusion Cloud Global Trade Management that includes AI-powered product classification, U.S. foreign trade zone support, and trade incentive program processing and reporting",https://www.oracle.com/news/announcement/oracle-helps-customers-navigate-tariff-and-trade-complexity-2025-04-24/,Oracle,Product enhancement,GTM,GTM,
2025,4/24/2025,"Shippeo enhances its real-time transportation visibility platform with new features across Ocean, Road, and Parcel Visibility solutions, including WhatsApp notifications, one-tap driver tracking, and improved ETA accuracy",https://www.shippeo.com/press-releases/shippeo-empowers-proactive-supply-chains-with-advanced-features,,,,,
2025,4/29/2025,,https://pro.bloombergtax.com/insights/company-news/bloomberg-tax-accounting-to-host-virtual-event-on-ai-and-the-future-of-the-corporate-tax-workflow/,Event,Event,Event,,
2025,4/22/2025,"Mekorma announces the release of version 1.0 of the Payment Hub for Microsoft Dynamics 365 Business Central, offering solutions like automatic vendor validation, check printing, remote payment services, and action board  assisting accounts payable process",https://www.prnewswire.com/news-releases/the-mekorma-payment-hub-v1-0-is-here---revolutionizing-accounts-payable-ap--payment-automation-for-microsoft-d365-business-central-302434710.html,Mekoma,Product Launch,AP/AR Automation,,International
2025,4/24/2025,"Accounting Seed launches AI Invoice Capture, an AI-powered feature that learns from historical data to automate and predict invoice coding beyond basic OCR capabilities, reducing manual AP work",https://www.cpapracticeadvisor.com/2025/04/24/accounting-seed-releases-ai-invoice-capture-for-finance-teams/159688/,Accounting Seed,Product Launch,AP/AR Automation,,
2025,4/24/2025,"Manifest raises a $15M Series A to enhance transparency in software and AI supply chains through automated Software Bills of Materials (SBOMs) and AI Bills of Materials (AIBOMs), addressing critical vulnerabilities for major clients like the U.S. Air Force and Boeing",https://www.forbes.com/sites/dariashunina/2025/04/24/manifest-lands-15m-to-bring-software-and-ai-supply-chain-transparency/,Manifest,Funding,SCM,,
2025,4/24/2025,"TransUnion reports Q1 2025 revenue of $1.1B, up 8% YoY driven by strong performance in financial services and emerging verticals; The fraud segment saw TransUnion onboarding new customers on the TruValidate integrated solutions",https://newsroom.transunion.com/,Transunion,Earnings,Corp Risk,,
2025,4/22/2025,"Moody's corporation reports Q1 2025 revenue of $1.9B, with Moody's analytics earning $859M, up 8% YoY driven by a double digit growth in Decision Solutions segment",https://s203.q4cdn.com/694693571/files/doc_financials/2025/q1/1Q25-Earnings-Release-vFINAL.pdf,Moody's,Earnings,Corp Risk,,
2025,4/23/2025,LSEG Risk Intelligence partners with Docusign to prevent fraud and improve transaction efficiency by validating bank account details directly within Docusign digital contracts,https://www.lseg.com/en/media-centre/press-releases/2025/lseg-risk-intelligence-and-docusign-partner-to-elevate-digital-contract-security-with-real-time-bank-verification,LSEG,Partnership,Corp Risk,,
2025,4/15/2025,LSEG announced Gianluca Biagini and Ron Lefferts as co-heads for its Data & Analytics Division,https://www.lseg.com/en/media-centre/press-releases/2025/lseg-announces-co-heads-of-global-data-and-analytics-division,LSEG,,Corp Risk,,
2025,4/22/2025,Feedzai acquires Demyst and its Zonic data workflow orchestration platform to unify data orchestration and risk management capabilities into a single platform,https://www.feedzai.com/pressrelease/feedzai-acquires-demyst-zonic/,Feedzai,Acquisition,Corp Risk,,
2025,4/22/2025,"Jumio announces availability of Cross-Transaction Risk to help businesses detect fraud by connecting identity elements across the Jumio network, ensuring advanced fraud detection, seamless user experience and identity assurance",https://www.jumio.com/about/press-releases/data-to-fight-identity-fraud/,Jumio,Product launch,Corp Risk,,
2025,4/17/2025,"Security Bank partners with Entrust to enhance its eKYC process, leveraging Entrust's Onfido Studio platform which combines security features with advanced fraud detection capabilities",https://www.entrust.com/company/newsroom/security-bank-partners-with-entrust-to-elevate-digital-onboarding-experience,Entrust,Client win,Corp Risk,,
2025,4/24/2025,GBG announces trading update for Q1 2025,https://www.gbg.com/en/news/fy25-trading-update-april-2025/,GBG,Earnings,Corp Risk,,
2025,04/22/2025,"Brightflag announces new matter and spend management features, and expanded GenAI capabilities",https://brightflag.com/press/innnovation-roadmap/,Brightflag,Spend Management,Corp Legal,,
2025,4/30/2025,"Vertex Inc. completes a $15M strategic investment in AI-native tax compliance startup Kintsugi, acquiring a 10% ownership stake along with IP sharing and board representation",https://www.vertexinc.com/company/news/latest-news/vertex-announces-strategic-investment-ai-tax-compliance-startup-kintsugi,Kintsugi,Partnership,Tax Compliance,Kintsugi,2 International
2025,4/28/2025,"E2open expands its partnership with Nutrabolt, providing additional supply chain planning applications expected to increase productivity, improve forecast accuracy, and reduce inventory",https://www.e2open.com/news/press-releases/nutrabolt-selects-e2open-as-strategic-partner/,E2Open,Client Win,GTM,GTM,
2025,01/05/2025,"Resilinc launches its Agentic AI platform, offering autonomous agents to predict, mitigate, and respond to supply chain disruptions around UFLPA risks, anti-dumping and tariff compliance, while unveiling the rebranded Resilinc.ai domain",https://resilinc.ai/press-release/resilinc-launches-agentic-ai-platform-for-supply-chain-risk-and-compliance/,Resilinc,Product Launch,GTM,Gen AI,
2025,4/28/2025,"E2Open announces its FY 2025 earnings, with an overall revenue of $608M (-4.2% yoy), while subscription revenue was down by 1.6% due to slower bookings and elevated churn",https://investors.e2open.com/news/news-details/2025/E2open-Announces-Fiscal-2025-Fourth-Quarter-and-Full-Year-Financial-Results/default.aspx,E2Open,Earnings,GTM,,
2025,4/30/2025,Seeburger gets accredited as a Peppol Access Point and Service Provider in Malaysia,https://www.seeburger.com/fileadmin/pdf/press-release/20250430-SEEBURGER-PR-Peppol-Malaysia-EN.pdf,SeeBurger,Certification,E-invoicing,,International
2025,4/30/2025,"Spain delays the rollout of its Verifactu certified billing system to 2026, implementing stricter invoicing requirements through, QR code verification, and optional auto-submission for VAT reporting",https://snitechnology.net/spain-postpones-verifactu-certified-billing-system-to-2026/,Industry,Regulation,Regulations,,
2025,01/05/2025,Blue Yonder acquires Pledge Earth Technologies to expand its platform with accredited logistics CO2e emissions reporting capabilities for enhanced supply chain sustainability management,https://www.businesswire.com/news/home/20250430467301/en/Blue-Yonder-Acquires-Pledge-Expanding-Its-End-to-End-Supply-Chain-Platform-With-Accredited-Carbon-Emissions-Reporting,Blue Yonder,Acquisition,ESG,,
2025,01/05/2025,"IBM and EY announce the launch of EY.ai for tax, built with IBM watsonxf, eaturing three AI-powered solutions: an Intelligent Tax Data Lake that consolidates transaction data from multiple sources, a Document Detection system that extracts data from unstructured invoices, and a Withholding Tax Determinations tool that automates tax rate applications for transactions",https://www.prnewswire.com/news-releases/ibm-and-the-ey-organization-debut-artificial-intelligencepowered-global-tax-compliance-solutions-302444647.html,EY,Product Launch,Tax Compliance,Gen AI,
2025,4/28/2025,BDO Indonesia and MVGX have launched an AI-driven platform to assist sustainability reporting for Indonesian businesses,https://www.internationalaccountingbulletin.com/news/bdo-and-mvgx-launch-ai-tool/?cf-view,BDO,Partnership,ESG,AI,International
2025,4/29/2025,Socure launches Advanced Pre-Fill solution to streamline onboarding and enhance security measures,https://www.socure.com/news-and-press/socure-launches-advanced-pre-fill-solution,Socure,Product launch,Corp Risk,,
2025,4/30/2025,"Persona, a US based identity platform, raised $200M in Series D funding led by Founders Fund and Ribbit Capital; funding would help expand KYB capabilities, extend product suite and scale footprint into workplace identity security",https://withpersona.com/blog/series-d,Persona,Funding,Corp Risk,,
2025,04/30/2025,"Onit announces the beta release of AskAI, that enables legal teams to interact with their legal spend data through a conversational AI interface within SimpleLegal",https://www.onit.com/news/onit-introduces-askai/,Onit,Product Announcement,Corp Legal,,
2025,04/30/2025,"Coheso, an AI-powered intake and work management platform, updates its platform with the addition of universal CLM connector for integration and granular data mapping",https://www.lawnext.com/2025/04/coheso-an-ai-powered-front-door-for-in-house-legal-rolls-out-universal-clm-connector.html,Coheso,Product Update,Corp Legal,,
2025,04/29/2025,"CLM Summize introduces agentic AI capabilities to review contracts, improve redline and more",https://www.businesswire.com/news/home/20250429810443/en/Summize-Launches-Next-Gen-AI-Powered-CLM-with-Intelligent-Agents-to-Accelerate-Reviews-and-Unlock-Contract-Insights,Summize,Product Announcement,Corp Legal,,
2025,04/30/2025,"Dioptra partners with LawVu, a cloud-based legal workspace, for in-house AI contract review",https://www.artificiallawyer.com/2025/04/30/dioptra-lawvu-partner-for-inhouse-ai-contract-review/,Dioptra,Partnership,Corp Legal,,
2025,05/02/2025,"AI-powered contract analysis software, LegalSifter releases contract review and redlining tool, LegalSifter ReviewPro",https://www.legalsifter.com/blog/reviewpro-ai-contract-review-in-word,LegalSifter,Product Launch,Corp Legal,,
2025,05/02/2025,FreshDirect selects Luminance's GenAI for contract analysis and automation of daily legal tasks,https://www.luminance.com/news/press/20250502_freshdirect_partners.html,Luminance,Client Win,Corp Legal,,
2025,05/01/2025,"Practice management platform Filevine launches an expanded version of the FilevineAI platform with a ""Chat with Your Case"" functionality",https://www.filevine.com/news/filevine-launches-the-only-embedded-ai-legal-assistant-that-lets-legal-professionals-chat-with-their-case/,Filevine,Product Launch,Corp Legal,,
2025,04/29/2025,"ALSP Axiom launches Axiom Self-Service, a legal talent marketplace",https://www.axiomlaw.com/resources/press-releases/axiom-self-service-digital-legal-marketplace,Axiom,Product Launch,Corp Legal,,
2025,08/05/2025,,https://news.bloomberglaw.com/daily-tax-report-international/us-seeks-full-separation-of-its-system-from-global-minimum-tax,Industry,Regulation,Direct Tax,,
2025,08/05/2025,,https://go.vertexinc.com/l/514851/2025-04-16/j3lqv9?utm_source=linkedin&utm_medium=social_media_paid&utm_campaign=Vertex_Virtual_Oil_%26_Gas_Special_Interest_Group_Meeting_CTO,Vertex,Event,,,
2025,07/05/2025,Sovos joins the AWS Independent Software Vendor (ISV) Accelerate Program to expand its global customer reach and simplify procurement of its solutions through co-selling with AWS,https://sovos.com/press-releases/sovos-joins-aws-isv-accelerate-program/,Sovos,Partnership,Tax Compliance,,
2025,06/05/2025,,https://www.prnewswire.com/search/all/?keyword=avalara,Avalara,Client win,Tax Compliance,,
2025,06/05/2025,"Legitify, an online notarisation platform, partners with Marosa to remotely notarise Power of Attorney documents, assisting in VAT registration and compliance across Europe",https://www.legitify.eu/press/legitify-partners-with-marosa?utm_content=386332866&utm_medium=social&utm_source=linkedin&hss_channel=lcp-69937314,Marosa,Partnership,Tax Compliance,,
2025,06/05/2025,"TaxCloud, a sales tax automation and compliance provider, integrates with Chargebee, a billing platform for e-commerce vendors",https://www.linkedin.com/posts/fedtax_its-official-taxcloud-integrates-with-chargebee-activity-7325144582885707776-uXOC?utm_source=share&utm_medium=member_desktop&rcm=ACoAADq0lXQBXTqj-sy6tAYLEbCUl7FuRmFXwsw,Taxcloud,Partnership,Tax Compliance,,
2025,05/05/2025,Anrok introduces its Stripe app that enables finance teams to automate global tax compliance directly within Stripe without requiring engineering resources,https://www.anrok.com/resources/introducing-anrok-stripe-app,Anrok,Partnership,Tax Compliance,,
2025,05/05/2025,,https://www.linkedin.com/posts/michellevalentinehk_so-proud-of-the-anrok-team-for-this-milestone-activity-7323768838183956480-bxDp?utm_source=share&utm_medium=member_desktop&rcm=ACoAADq0lXQBXTqj-sy6tAYLEbCUl7FuRmFXwsw,Anrok,Statistic,,,
2025,07/05/2025,"Latvia's Parliament is considering a one-year delay to the B2B e-invoicing mandate due to regulatory delays, technical readiness concerns, and needed legal adjustments",https://snitechnology.net/latvia-b2b-einvoice-delay/,Industry,Regulation,E-invoicing,,
2025,06/05/2025,"Supplier.io launches Buyer Search Insights dashboard that gives suppliers real-time data on how buyers find and engage with their profiles, enabling them to optimize visibility and competitiveness in procurement searches",https://www.businesswire.com/news/home/20250506008736/en/Supplier.io-Launches-New-Supplier-Dashboard-with-Buyer-Search-Insights,Supplier.io,Product Launch,GTM,GTM,
2025,08/05/2025,"Workiva introduces multiple product enhancements that include its AI companion that assists in document collaboration with context-aware responses, rich text insertion, quick edits, risk and control intelligence, historical data roll-forward for SEC Filings, EDGAR compliance support, and statutory reporting capabilities for Luxembourg and Denmark",https://www.workiva.com/platform/whats-new?utm_segment=Brand&utm_geo=Global&utm_campaign=Brand-Awareness&utm_medium=Social&utm_type=Organic&utm_content=Video&utm_source=LinkedIn,Workiva,Product Enhancement,Statutory Reporting,AI,
2025,08/05/2025,"Majesco partners with Vertex Inc. to integrate tax calculation capabilities into its ClaimVantage solution for disability claims and absence management, initially for Canadian customers with US expansion planned later this year",https://www.businesswire.com/news/home/20250507596055/en/Majesco-and-Vertex-Announce-Partnership-to-Deliver-Advanced-Tax-Solutions-for-Disability-Claims-and-Absence-Management,Vertex,Partnership,Tax Compliance,,
2025,06/05/2025,TPG and Corpay announce their plan to acquire AvidXchange for $10 per share in a $2.2B cash deal that will take the accounts payable automation software provider private,https://www.globenewswire.com/news-release/2025/05/06/3075619/37161/en/AvidXchange-Agrees-to-be-Acquired-by-TPG-in-Partnership-with-Corpay-for-2-2-Billion.html,AvidXchange,Acquisition,AP/AR Automation,"VC, equity firm?",
2025,01/05/2025,"LSEG reports Q1 2025 revenue of $3.1B, up 7.5% YoY ; Risk Intelligence revenue grew 10.7% YoY to $189M, driven by increasing customer demand for World Check and expansion in identity and fraud business",https://www.lseg.com/en/media-centre/press-releases/2025/london-stock-exchange-group-plc-q1-2025-trading-update,LSEG,Earnings,Corp Risk,,
2025,05/05/2025,"Palantir reports Q1 2025 sales of $884M, up 39% YoY ; U.S. Commercial revenues grew 71% YoY to $255M, driven by demand for Palantir's AIP and Foundry platforms and increase in TCV and deals closed",https://investors.palantir.com/news-details/2025/Palantir-Reports-Q1-2025-Revenue-Growth-of-39-YY-U-S--Revenue-Growth-of-55-YY-Raises-FY-2025-Revenue-Guidance-to-36-YY-Growth-and-U-S--Comm-Revenue-Guidance-to-68-YY-Crushing-Consensus-Expectations/,Palantir,Earnings,Corp Risk,,
2025,05/05/2025,"Capgemini launches a perpetal KYC sandbox for financial institutions to enable migration from static KYC processes to perpetual KYC, a model that offers a data-led approach of a customer's risk profile to achieve better AML compliance",https://www.capgemini.com/news/press-releases/capgemini-unveils-industry-first-perpetual-know-your-customer-sandbox-to-enable-real-time-continuous-compliance-for-financial-institutions/,Capgemini,Product launch,Corp Risk,,
2025,05/05/2025,Jumio partners with Alaska Airlines to ensure efficient identity verification and check-in processes for international travellers,https://www.jumio.com/about/press-releases/jumio-partners-with-alaska-airlines/,Jumio,Partnership,Corp Risk,,
2025,07/05/2025,"Sift partners with Payabl., a European Fintech provider, to enhance fraud prevention capabilities and approval rates",https://www.finextra.com/pressarticle/105477/payabl-integrates-with-sift-for-ai-powered-fraud-prevention,Sift,Partnership,Corp Risk,,
2025,5/14/2025,Billtrust introduces AI advancements to its accounts receivable platform including a multi-agent platform architecture each for specfic tasks and an Autopilot assistant that leverages its network data and domain expertise,https://www.billtrust.com/news/billtrust-ai-advancements-in-accounts-receivable,Billtrust,Product Enhancement,AP/AR Automation,GenAI,
2025,5/16/2025,"TrusTrace upgrades its supply chain traceability platform with AI technology to help companies collect, centralize, and analyze fragmented data for better risk detection and compliance management",https://www.esgtoday.com/trustrace-launches-ai-powered-supply-chain-sustainability-platform/,TrusTrace,Product Enhancement,ESG,,
2025,12/05/2025,"Sphere announces a native integration with Stripe that provides instant setup, reliable API access, fast tax calculations, and accurate handling of refunds",https://www.linkedin.com/posts/getsphere_we-are-the-only-solution-that-offers-automated-activity-7320886489272197121-NUSn?utm_source=share&utm_medium=member_desktop&rcm=ACoAADq0lXQBXTqj-sy6tAYLEbCUl7FuRmFXwsw,Sphere,Partnership,Tax Compliance,,
2025,5/13/2025,"Oxford Economics launches its TradePrism platform on Snowflake Marketplace, providing businesses with trade intelligence and real-time access to global trade data and forecasts",https://www.oxfordeconomics.com/resource/oxford-economics-launches-tradeprism-on-snowflake-marketplace-to-deliver-global-trade-intelligence-in-near-real-time/,Oxford,Partnership,GTM,GTM,
2025,06/05/2025,"he New Zealand Government proposes expanding the scope of its Procurement Rules to require public agencies handling over 2,000 domestic trade invoices annually to process e-invoices and mandate large suppliers to submit e-invoices by 1 January, 2026",https://www.p2pnetwork.org/latest-news/4125-new-zealand-proposes-expansion-of-e-invoicing-rules-for-b2g-transactions.html,Industry,Regulation,Regulations,,
2025,5/14/2025,"Experian reports FY 2025 revenue of $7.5B, up 8% YoY; Growth driven by performance in analytics, alternative data verticals and launch of new products and GenAI features",https://www.experianplc.com/content/dam/marketing/global/plc/en/assets/documents/results-and-presentations/2025/new_Experian-FY25-FY-results-announcement_final_2.pdf,Experian,Earnings,Corp Risk,,
2025,08/05/2025,"Dow Jones reports Q3 2025 revenues of $575M, up 6% YoY; Risk & Compliance grew 11%, driven by improved circulation and professional information business revenues",https://investors.newscorp.com/static-files/f9793b62-2200-401d-8641-5508bb8bd61e,Dow Jones,Earnings,Corp Risk,,
2025,5/14/2025,Veriff launches US Database Verification to streamline identity verification process and establish user identities by cross-referencing user data against US private and government databases,https://www.veriff.com/blog/veriff-us-database-verification-announcement,Veriff,Product launch,Corp Risk,,
2025,5/15/2025,Au10tix launches continuous risk monitoring capability to its AML software; Software capabilities include scanning multiple data sources and adjusting screening intensity based on the customer's risk profile,https://www.biometricupdate.com/202505/au10tix-adds-continuous-real-time-aml-risk-monitoring-to-api,Au10tix,Product enhancement,Corp Risk,,
2025,5/15/2025,Riskified joins AWS Accelerate program to extend its fraud and risk intelligence solutions to online sellers worldwide,https://www.riskified.com/press/riskified-expands-reach-with-aws-marketplace-listing-and-achieves-aws-accelerate-partner-status/,Riskified,Partnership,Corp Risk,,
2025,12/05/2025,"Avalara starts a CRUSH on Tour, a free one-day event series in multiple cities that showcases its tax compliance solutions to finance and accounting professionals",https://newsroom.avalara.com/2025-05-12-Avalara-Launches-CRUSH-on-Tour-to-Spotlight-AI-Powered-Tax-Compliance-Solutions,Avalara,Promotional Event,Tax Compliance,,
2025,12/05/2025,"Revenir AI, a tax reclaim provider, partners with Karta to simplify the VAT reclaim process for international shoppers",https://www.linkedin.com/posts/fintech-finance_revenir-ai-partners-with-karta-in-first-major-activity-7317574259051016192-VTKQ/,Revenir,Client win,Others,,
2025,12/05/2025,"Venkat Achanta, Executive Vice President at TransUnion, reflects on transforming the OneTru platform and expanding AI capabilities",https://www.forbes.com/sites/peterhigh/2025/05/07/venkat-achanta-on-transunions-platform-transformation-and-ai-ambition/,Transunion,Promotional Event,Corp Risk,,
2025,05/14/2025,"Morae Global Corporation acquires end-to-end information governance software platform, Gimmal",https://www.morae.com/news/morae-acquires-information-governance-vendor-gimmal-broadening-its-technology-based-solutions-for-law-firms-and-law-departments/,,,Corp Legal,,
2025,05/15/2025,"Anaqua, an IP management provider, acquires ‘AI-native platform’ RightHub, which strengthens its footprint in UK, Sweden, and Denmark",https://www.anaqua.com/resource/anaqua-acquires-righthub-to-accelerate-global-growth/,,,Corp Legal,,
2025,05/14/2025,"Integreon collaborates with PwC, combining PwC’s legal GenAI technology with Integreon’s global talent pool to provide legal managed services across EMEA",https://www.integreon.com/integreon-pwc-legal-collaboration-emea/,,,Corp Legal,,
2025,5/20/2025,"Corcentric expands its Intelligent AP Automation integration into Procure-to-Pay and Order-to-Cash processes for clients in France and the United States, claiming to offer 98% accurate invoice processing",https://www.corcentric.com/company/press-releases/corcentric-accelerates-intelligent-ap-automation-deployment-for-its-procure-to-pay-customers/,Corcentric,Product Enhancement,AP/AR Automation,AI expansion,International
2025,5/21/2025,"SAP launches multiple AI agents across its platform, including Sourcing Agent which automates the process of creating tailored sourcing events while taking into account supplier information and supply chain disruptions, and the Accounts Receivable Agent which processes overdue payments and performs follow-up tasks with customers",https://www.sap.com/events/sapphire/innovation-guide/ai.html,SAP,Product Enhancement,AP/AR Automation,Gen AI,
2025,5/21/2025,"Taxdoo expands its accounting services by acquiring accountDigital, in an attempt to offer its customers a single source for managing their financial accounting and tax compliance processes",https://www.linkedin.com/posts/louise-boussemart-24734b5b_big-news-taxdoo-acquires-accounting-activity-7330877666021027840-G09A/,Taxdoo,Acquisition,Others,Gen AI,
2025,5/25/2025,,https://investors.e2open.com/news/news-details/2025/E2open-Announces-Acquisition-by-WiseTech-Global-Concluding-Strategic-Review/default.aspx,E2Open,Acquisition,GTM,GTM,
2025,5/22/2025,"Assent, a supply chain sustainability management provider, launches a solution to help manufacturers comply with the EU's Carbon Border Adjustment Mechanism by calculating and managing supply chain carbon emissions data",https://www.esgtoday.com/assent-launches-cbam-compliance-solution-for-manufacturers/,Assent,Product Launch,ESG,,
2025,5/20/2025,"Novisto, a sustainability reporting software provider secures $27M in Series C funding to enhance its ESG platform and expand its European presence",https://www.esgtoday.com/sustainability-reporting-software-provider-novisto-raises-27-million/,Novisto,Product Launch,ESG,,
2025,5/20/2025,"France advances its e-invoicing framework as AFNOR releases updated technical specifications and FNFE-MPE launches Factur-X v1.07, preparing businesses for the phased mandate implementation starting with large enterprises in September 2026 and expanding to all entities by September 2027",https://www.melasoft.com/news/france-regulatory-updates-may-2025?trk=_publishing-image-block,Industry,Regulation,Regulations,,International
2025,5/30/2025,"Avalara launches new APIs that automate and streamline 1099 and W-9 compliance workflows for businesses, integrating with ERP, accounting, ecommerce, or marketplace platforms",https://newsroom.avalara.com/2025-05-30-Avalara-Launches-APIs-for-End-to-End-1099-and-W-9-Compliance-Automation,Avalara,Product Enhancement,TIR,,
2025,5/29/2025,"EY launches its EY.ai enterprise private, an on-premises AI deployment solution to provide cloud-like flexibility with private deployment security for regulated industries with sensitive data. This update follows  EY's announcement of its enterprise AI suite",https://www.ey.com/en_gl/newsroom/2025/05/ey-announces-ey-dot-ai-enterprise-private-powered-by-dell-technologies-and-nvidia-accelerated-computing-to-deliver-enterprise-agentic-and-physical-ai-at-scale,EY,Product Launch,Others,AI,
2025,5/22/2025,"Aibidia and IBFD launch TP Aurora, an AI research assistant to navigate transfer pricing regulations by searching through IBFD's database",https://www.ibfd.org/news/aibidia-and-ibfd-launch-tp-aurora-groundbreaking-ai-transfer-pricing-research-assistant,IBFD,Product Launch,Tax Research,Gen AI,
2025,5/30/2025,Lucasys launches a tax provision software solution that automates ASC 740 compliance while addressing the specific regulatory needs of utility companies,https://www.globenewswire.com/news-release/2025/05/29/3090420/0/en/Lucasys-Unveils-Tax-Provision-Expanding-Income-Tax-Suite.html,Lucasys,Product Enhancement,Direct Tax,,
2025,5/30/2025,"InvoiceScanning.ai launches an AI-powered solution that automates invoice data extraction and processing for accounts payable teams, featuring OCR technology, automatic format adaptation, and integration options with Excel and Quickbooks",https://markets.financialcontent.com/dowtheoryletters/article/binary-2025-5-26-invoicescanningai-launches-ai-invoice-processing-solution-for-faster-more-accurate-ap-workflows,Invoicescanning.Ai,Product Launch,AP/AR Automation,AI,
2025,5/29/2025,"SAP launches new solutions assisting in sustainability data management and compliance, integrated into its Business Data Cloud and SAP Signavio, enabling companies to utilize and act on hidden sustainability data",https://www.esgtoday.com/sap-launches-new-sustainability-data-management-solutions/,SAP,Product Enhancement,ESG,,
2025,5/27/2025,"The European Banking Authority proposes amendments to Pillar 3 disclosure requirements, introducing a tiered approach for ESG risk reporting that simplifies requirements for small and medium-sized banks while maintaining comprehensive standards for larger institutions",https://www.esgtoday.com/eba-proposes-simplified-esg-reporting-requirements-for-banks/,Industry news,Regulation,Regulations,,International
2025,5/28/2025,Slovenia's revised B2B e-invoicing law postpones implementation to January 2027 and shifts to an interoperability model using accredited service providers instead of requiring real-time reporting to tax authorities,https://snitechnology.net/slovenia-pushes-back-mandatory-b2b-e-invoicing-to-2027/,Industry news,Regulation,Regulations,,
2025,05/28/2025,"LexisNexis Risk Solutions discloses a data breach, exposing personal information of over 364,000 people",https://www.msn.com/en-us/money/other/data-broker-giant-lexisnexis-says-breach-exposed-personal-information-of-over-364000-people/ar-AA1FDatH?ocid=BingNewsSerp,LexisNexis,,Corp Risk,,
2025,05/28/2025,"Nice Actimize integrates GenAI capabilities into its SURVEIL-X solution, enhancing risk detection and surveillance capabilities",https://www.niceactimize.com/press-releases/nice-actimize-empowers-surveil-x-with-generative-ai-479/,Nice Actimize,,Corp Risk,,
2025,05/30/2025,Sumsub integrates Solana Attestation Service into its ID offering to help users store and reuse their documents for multiple verifications across Sumsub client platforms,https://sumsub.com/newsroom/sumsub-and-solana-debut-on-chain-identity-attestations-at-accelerate-new-york/,Sumsub,,Corp Risk,,
2025,05/29/2025,"Fenergo launches FinCrime operating system with agentic AI capabilities to streamline periodic KYC reviews, automate tasks and gain real-time insights",https://resources.fenergo.com/newsroom/fenergo-launches-fincrime-operating-system-with-agentic-ai-layer-to-supercharge-productivity,Fenergo,,Corp Risk,,
2025,05/28/2025,"Rocket Lawyer launches Rocket Copilot Q&A, an expansion of Rocket Copilot for small businesses at ‘an affordable’ price",https://www.artificiallawyer.com/2025/05/28/rocket-lawyer-gives-legal-answers-with-genai-qa-tool/?jetpack_skip_subscription_popup,Rocket Lawyer,Product Launch,Corp Legal,,
2025,05/28/2025,"LexCheck launches version 3.0 of its AI-powered contract review software, that generates custom playbooks from clients’ historical redlines and provides precedent checking against past agreements",https://www.lexcheck.com/press/www-lexcheck-com-press-lexcheck-unveils-version-3-0-of-its-ai-powered-tool-for-reviewing-complex-agreements-and-auto-generating-custom-playbooks,LexCheck,Product Update,Corp Legal,,
2025,05/27/2025,"Lighthouse, an eDiscovery and information governance provider, unveils Lighthouse AI Search which leverages predictive and GenAI to help attorneys interrogate data",https://www.lighthouseglobal.com/newsroom/lighthouse-launches-ai-search-to-transform-litigation-and-investigations,Lighthouse,Product Launch,Corp Legal,,
2025,05/28/2025,Research by FTI Consulting and Relativity shows an increase in rate of uptake and familiarisation among inhouse lawyers on use of GenAI,https://static2.ftitechnology.com/docs/white-papers/The+General+Counsel+Report+2025.pdf,,Industry,Corp Legal,,
2025,04/06/2025,"Aibidia, a Helsinki-based transfer pricing software startup, secures $28M in Series B funding to expand its tax technology operations into the US market focusing on multinational companies",https://www.aibidia.com/resources/aibidia-raises-28m-usd-series-b-to-expand-ai-powered-financial-tax-technology-in-the-us,Aibidia,Funding,Tax Compliance,"Gen AI, geo expansion, VC/funding",International
2025,03/06/2025,"Sovos achieves C5 accreditation for Singapore's InvoiceNow e-invoicing framework, enabling direct invoice transmission to IRAS ahead of the country's phased implementation schedule",https://sovos.com/press-releases/sovos-achieves-c5-accreditation-in-singapore/?_gl=1*fd6rom*_up*MQ..*_ga*MTUzNjQ4NzA0NC4xNzExOTAyNjI4*_ga_E6KJ55E4Q5*czE3NDkxOTUyOTMkbzIxMiRnMCR0MTc0OTE5NTI5MyRqNjAkbDAkaDU2NTIyNDU0MA..,Sovos,Certifications,E-invoicing,,International
2025,03/06/2025,"TealBook introduces a legal entity-based supplier data model, solving for fragmented supplier data in mapping solutions",https://www.tealbook.com/news/legal-entity-supplier-data-model/,Teal book,Product Enhancement,GTM,3 Party,
2025,04/06/2025,"Germany is consolidating its federal e-invoicing infrastructure by merging the ZRE and OZG-RE platforms by December 2025, with OZG-RE becoming the single system for supplier invoices to the federal government",https://snitechnology.net/germany-to-merge-federal-e-invoicing-platforms-by-2025/,Industry,Regulation,Regulations,,International
2025,05/06/2025,"Ryan expands its European presence and tax capabilities through the acquisition of Northern Ireland-based Inspired, adding R&D and tax incentive expertise",https://ryan.com/canada/about-ryan/press-room/2025/ryan-expands-reach-in-united-kingdom-with-acquisition-of-inspired-corporate-advisory/,Ryan,Acquisition,Tax Compliance,AI powered geo expansion,2 International
2025,05/06/2025,"Tradeverifyd announces four supply chain management innovations that assist enterprises in proactive risk management through enhanced visibility, predictive intelligence, and compliance reporting",https://www.prnewswire.com/news-releases/tradeverifyd-unveils-next-generation-supply-chain-intelligence-tools-to-transform-risk-management-from-reactive-to-proactive-302473233.html,Tradeverifyd,Product Enhancement,GTM,3 Party,
2025,05/06/2025,"Oracle announces minor enhancements to its Tax platform with three Pillar Two capabilities that include entity top-up tax allocation for low-taxed jurisdictions, average logic for Substance Based Income calculations, and closing rate options for deferred tax recasts",https://docs.oracle.com/en/cloud/saas/readiness/epm/2025/epm-jun25/25jun-epm-wn-f39127.htm#epm-jun25-f39127,Oracle,Product Enhancement,BEPS,,
2025,05/06/2025,"GBG partners with Moody's to provide an end-to-end solution offering entity verification, risk insights and analytics to enhance compliance processes",https://www.gbg.com/en/news/gbg-and-moodys-partner-to-enhance-business-onboarding/,GBG,Partnership,Corp Risk,,
2025,03/06/2025,"Feedzai launched Feedzai IQ, a solution suite that provides network-based insights and AI-models to help banks collaborate safely",https://www.feedzai.com/press-releases/,Feedzai,Product launch,Corp Risk,,
2025,03/06/2025,"Trust Payments, a payment technology provider, partners with Trulioo to unify its onboarding processes, enhance customer experience and ensure regulatory compliance across regions",https://www.trulioo.com/company/newsroom/press-releases/trust-payments-selects-trulioo-to-streamline-verification-reduce-onboarding-costs-and-power-global-growth,,Client win,Corp Risk,,
2025,03/06/2025,"Veriff launches AI-based Proof of Address Solution to enhance address validation capabilities, meet KYC and due diligence requirements while improving user experience",https://www.veriff.com/blog/veriff-launches-ai-proof-of-address,Veriff,Product launch,Corp Risk,,
2025,03/06/2025,"Scotland based Wordsmith, a contract review and intelligence platform for in-house teams raises $25M in Series A funding led by Index Ventures",https://www.wordsmith.ai/blog/wordsmith-ai-raises-25-million-series-a,Wordsmith,Funding,Corp Legal,,
2025,05/06/2025,"Flank, a Berlin-based company building an autonomous AI legal agent for enterprise teams, raises $10M funding led by Insight Partners for continued product development, expansion into engineering and more",https://www.prnewswire.com/news-releases/flank-raises-10m-to-scale-autonomous-legal-agents--embedded-invisible-and-built-for-the-enterprise-302473397.html,Flank,Funding,Corp Legal,,
2025,04/06/2025,"PE firm, BayPine acquires majority stake in Harbor from initial PE sponsor, Renovus Capital",https://harborglobal.com/news-releases/harbor-receives-majority-investment-from-baypine-to-drive-digital-innovation-across-legal-sector/,Harbor,M&A,Corp Legal,,
2025,05/06/2025,"A benchmarking study by  Counselwell and Spellbook, shows that AI adoption in corporate legal departments gains momentum, with 38% of surveyed teams already using AI tools and 50% actively exploring implementation",https://www.spellbook.legal/blog/counselwell,,Industry,Corp Legal,,
2025,10/06/2025,"Sovos partners with Shopify to launch Shopify Tax automated filing for US merchants to prepare, file, and remit sales tax returns",https://sovos.com/press-releases/sovos-partners-with-shopify-to-automate-sales-tax-filing-and-remittance-for-merchants/?_gl=1*1xu2yym*_up*MQ..*_ga*MTUzNjQ4NzA0NC4xNzExOTAyNjI4*_ga_E6KJ55E4Q5*czE3NTAwNTUzMTMkbzIxOSRnMCR0MTc1MDA1NTMxMyRqNjAkbDAkaDE2MDk2MzcyNzI.,Sovos,Partnership,Tax Compliance,,
2025,12/06/2025,"project44 announces enhancements to its Decision Intelligence Platform  that connects carriers and systems into a unified data network , transforms raw information into actionable insights, recommends and initiates, and automates supply chain execution",https://www.project44.com/press-releases/project44-launches-decision-intelligence-evolving-movement-platform-to-help-global-companies-efficiently-automate-and-operate-their-supply-chains/,Project 44,Product launch,GTM,GTM,
2025,12/06/2025,,https://www.businesswire.com/news/home/20250612438708/en/Supply-Chain-Leaders-to-Share-Perspective-on-Tackling-Tariffs-Trade-and-Disruption-During-Exclusive-Digital-Event,,,,,
2025,12/06/2025,"Green Project Technologies launches act50, a procurement platform for companies and their suppliers to purchase and track renewable energy for reducing and verifying Scope 3 supply chain emissions",https://www.esgtoday.com/green-project-technologies-launches-new-supply-chain-decarbonization-solution/,Green Project,Product Launch,ESG,,
2025,09/06/2025,"Achilles launches Comply360, that assists in sustainability and ESG reporting by extracting data from documents and integrating with existing systems, while supporting regulatory frameworks like CSRD, IFRS, and GRI",https://www.esgtoday.com/achilles-launches-new-sustainability-reporting-platform/,Achilles,Product Launch,ESG,,
2025,10/06/2025,"TranscendAP announces expansion of its accounts payable automation platform to support SAP ERP environments, including SAP ECC, S/4HANA, and RISE with SAP, with  bi-directional data exchange capabilities for on-premises and private cloud deployments",https://www.cio.com/article/4004514/transcendap-expands-sap-support.html,Trancend,Product Enhancement,AP/AR Automation,,
2025,12/06/2025,,https://www.law360.com/articles/2351803/vertex-says-tax-software-rival-purposely-destroyed-evidence,,,,,
2025,10/06/2025,"PairSoft, an AP automation provider, launches AI agents that automate and streamline accounts payable tasks—such as GL coding, PO matching, and invoice approvals—by natively integrating with major ERPs",https://www.prnewswire.com/news-releases/pairsoft-announces-new-ai-agents-for-finance-302477094.html,Pairsoft,Product Launch,AP/AR Automation,GenAI,
2025,10/06/2025,"Vertex has joined Oracle's enhanced partner program, while also aiming for Oracle's Expertise certificate",https://www.vertexinc.com/company/news/latest-news/vertex-joins-oracles-partner-program,Vertex,Partnership,Tax Compliance,,
2025,10/06/2025,"GBG reports FY25 revenue of $381M in FY25, up 3% YoY, with growth driven by identity and location business verticals",https://www.gbg.com/en/news/results-for-the-year-ended-31-march-2025/,GBG,Earnings,Corp Risk,,
2025,10/06/2025,"Au10tix launches AnyDoc Authentication capability to help businesses detect document fraud, maintain regulatory compliance and ensure secure onboarding",https://www.au10tix.com/press-releases/au10tix-anydoc-authentication-sets-new-standard-for-non-id-document-authentication/?_gl=1*uo9y3p*_up*MQ..*_ga*MTQ3MDA0ODM0MS4xNzQ5NjM1Mjg1*_ga_98WYZ8HW4F*czE3NDk2MzUyODUkbzEkZzAkdDE3NDk2MzUyODUkajYwJGwwJGgw,Au10tix,Product launch,Corp Risk,,
2025,10/06/2025,"Sumsub launched Summy, an AI assistant in its Case Management solution to streamline the fragmented risk operations and help investigators respond to risks in real-time",https://sumsub.com/newsroom/sumsub-upgrades-case-management-solution-with-ai-assistant-for-fincrime-teams/,Sumsub,Product launch,Corp Risk,,
2025,6/13/2025,Veriff launches Proof of Address solution to validate users' addresses and help financial institutions meet KYC and CDD requirements,https://www.veriff.com/pr-news/veriff-launches-ai-proof-of-address,Veriff,Product launch,Corp Risk,,
2025,11/06/2025,DraftWise launches AI Agent for contract drafting and review which sits within Microsoft Word,https://www.law.com/legaltechnews/2025/06/11/draftwise-launches-ai-agent-for-contract-drafting-and-review/,DraftWise,Product Launch,Corp Legal,,
2025,11/06/2025,"Contract automation provider, Ontra raises $70M in funding led by Silicon Valley Bank, a division of First Citizens Bank with plans to launch AI-powered products later in the year; this brings Ontra’s total funding to ~$325M",https://www.ontra.ai/press-release/ontra-announces-70m-in-financing-to-accelerate-growth/,Ontra,Funding,Corp Legal,,
2025,11/06/2025,"GenAI contract startup, Ivo launches two tools Repository and Assistant along with a suite of CLM tools",https://www.globenewswire.com/news-release/2025/06/11/3097560/0/en/Ivo-breakthrough-AI-turns-mountains-of-legal-contracts-into-actionable-business-intelligence.html,Ivo,Product Launch,Corp Legal,,
2025,10/06/2025,"Luminance expands its presence in APAC and opens an office in Sydney, Australia",https://www.luminance.com/news/press/20250610_luminance_expands.html,Luminance,Geographic expansion,Corp Legal,,
2025,10/06/2025,"Automated timekeeping solution, Laurel (formerly Time by Ping) raises $100M Series C led by IVP, with GV and 01 Advisors; this brings its total funding to ~$155M",https://www.laurel.ai/resources-post/ai-time-platform-laurel-raises-100-million-to-transform-the-professional-services-industry,Laurel,Funding,Corp Legal,,
2025,10/06/2025,"Litigation research and analytics vendor, Doctrine enters the German market through an investment in legal case law information provider, dejure.org; this investment is made with a view to a full acquisition",https://doctrine.pr.co/250731-doctrine-expands-into-germany-with-strategic-stake-in-dejure-org-strengthening-its-position-as-europe-s-legal-ai-leader,Doctrine,Geographic expansion,Corp Legal,,
2025,10/06/2025,"Shopline, an e-commerce management platform integrates with Avalara to assist merchants with their tax compliance processes",https://www.prnewswire.com/news-releases/shopline-partners-with-avalara-to-simplify-merchants-tax-compliance-complexity-302477209.html,Avalara,Partnership,Tax Compliance,,
2025,6/19/2025,"Descartes acquires PackageRoute, a US-based software provider that assists final-mile delivery contractors optimize routes and manage deliveries, for US $2M",https://www.descartes.com/resources/news/descartes-acquires-packageroute,Descartes,Acquisition,TMS,,
2025,6/17/2025,"Stripe announces 15 features for French businesses including tax compliance tools,  AI assisted payments, new payment methods and payment orchestration",https://stripe.com/en-ca/newsroom/news/tour-paris-2025,Stripe,Product Enhancement,Tax Compliance,,International
2025,6/17/2025,Ceretax's integration's with Bigcommere goes live after their Jan announcement,https://www.linkedin.com/posts/ceretax_bigcommerce-ceretax-taxautomation-activity-7340804172692221952-jBnL?utm_source=share&utm_medium=member_desktop&rcm=ACoAADq0lXQBXTqj-sy6tAYLEbCUl7FuRmFXwsw,Ceretax,Partnership,Tax Compliance,,
2025,6/20/2025,"Malaysia is reviewing the implementation timeline for e-invoicing requirements for small and medium businesses due to readiness concerns, with each rollout phase including a six-month soft launch period with relaxed enforcement",https://snitechnology.net/malaysia-reassesses-e-invoicing-mandate-for-small-businesses/,Industry,Regulation,Industry,,
2025,6/17/2025,"Interos.ai launches itariffs, an AI tool that maps tariff exposure across multiple supplier tiers to help companies identify and respond to trade-related supply chain risks",https://www.businesswire.com/news/home/20250617754293/en/interos.ai-Launches-itariffs-to-Help-Companies-Identify-and-Act-on-Tariff-Risks-in-Real-Time,Interos,Product Enhancement,GTM,,
2025,6/19/2025,"Datamaran launches Core, a software platform that helps companies identify, manage, and report on ESG risks and opportunities through materiality assessments and regulatory monitoring tools",https://www.esgtoday.com/datamaran-launches-new-esg-data-solution-for-corporate-sustainability-legal-and-risk-teams/,Dataman,Product Launch,ESG,,International
2025,6/17/2025,"xSuite's e-invoicing platform eDNA assists SAP users to both receive and send e-invoices through its cloud platform, supporting various international e-invoicing formats and compliance requirements",https://uk.finance.yahoo.com/news/xsuite-introduces-feature-e-invoice-095500598.html?guccounter=1,Xsuite,Product Enhancement,AP/AR Automation,,
2025,6/19/2025,"3rdwave launches version 2.0 of its shipment execution platform, adding real-time container tracking and product-level visibility while maintaining its core trade compliance and customs automation features for international importers",https://www.supplychaindive.com/press-release/20250618-3rdwave-launches-3rdwave-20-delivering-product-level-container-visibility-1/,3rdwave,Product Enhancement,GTM,Visiblity,
2025,10/06/2025,Greece postpones mandatory B2G e-invoicing for non-procurement public sector transactions to 1 September 2025 to allow for further technical preparations,https://sovos.com/regulatory-updates/trr/greece-postpones-b2g-e-invoicing-mandate-to-1-september-2025/,Industry,Regulation,Industry,,
2025,6/18/2025,Jumio launches Premium liveness detection solution with advanced deepfake detection capabilities to combat injection and spoofing attacks,https://www.jumio.com/about/press-releases/jumio-launches-premium-liveness-detection-solution/,Jumio,,Corp Risk,,
2025,6/17/2025,"Sumsub expands its fraud prevention solution with Device Intelligence, a solution that offers real-time insights by analyzing device behavior and network level data",https://sumsub.com/newsroom/stop-identity-fraud-before-it-starts-based-on-device-signals-sumsubs-fraud-prevention-enhanced-with-device-intelligence/,Sumsub,,Corp Risk,,
2025,6/18/2025,"DB Investing partners with Sumsub to accelerate onboarding processes, mitigate fincrime risks and ensure compliance with regulatory frameworks",https://sumsub.com/newsroom/db-investing-partners-with-sumsub-to-enhance-client-onboarding-and-compliance-standards/,Sumsub,,Corp Risk,,
2025,6/17/2025,"Agiloft partners with PwC UK providing businesses access to Agiloft’s no-code CLM platform, and PwC UK’s business strategies and regulatory compliance",https://www.agiloft.com/news/agiloft-and-pwc-uk-form-strategic-collaboration-to-transform-contract-lifecycle-management-for-enterprises/?_gl=1*1oj6v6t*_up*MQ..*_ga*MzQ0NzMwMDAyLjE3NTA2NTczNTk.*_ga_DD5XWF2GJ0*czE3NTA2NTczNTYkbzEkZzEkdDE3NTA2NTczNzgkajM4JGwwJGg1NzEzNDk0NjM.,Agiloft,Partnership,Corp Legal,,
2025,6/19/2025,"Crosby, a ‘hybrid AI law firm’ which sells contract-review legal services, raises $5.8M in Seed round led by Sequoia Capital",https://www.artificiallawyer.com/2025/06/19/crosby-raises-5-8m-seed-for-hybrid-ai-law-firm/,Crosby,Funding,Corp Legal,,
2025,6/16/2025,CS DISCO launches its GenAI automated review tool in the European Union and the UK,https://csdisco.com/pressrelease/disco-brings-gen-ai-powered-auto-review-to-the-eu-uk,CS DISCO,Geographic expansion,Corp Legal,,
2025,6/17/2025,"Consilio acquires TrueLaw, a legal AI research lab with a proprietary Expert Legal Model and advanced narrative generation capabilities",https://www.consilio.com/resource/consilio-acquires-truelaw-strengthening-position-as-worlds-largest-legal-data-ai-technology-provider,Consilio,M&A,Corp Legal,,
2025,6/26/2025,,https://www.fourkites.com/press/summit-premier-ai-conference-supply-chain-community/,Fourkites,Product Enhancement,GTM,,
2025,6/23/2025,"Taxdoo acquires accountDigital to provide a unified platform that automates both international VAT compliance and e-commerce accounting, enabling online merchants to manage their tax and accounting workflow",https://www.taxdoo.com/en/blog/taxdoo-acquires-accountdigital-the-future-of-e-commerce-starts-now/,Taxdoo,M&A,Tax Compliance,,
2025,6/26/2025,"Croatia implements comprehensive e-invoicing and fiscalization reforms expanding mandatory real-time transaction reporting to all B2B, B2G, and B2C transactions starting January 2026, with testing beginning September 2025 and full compliance for non-VAT entities required by January 2027",https://snitechnology.net/croatia-e-invoicing-mandate-starts-january-2026/,Industry,Regulation,Regulations,,International
2025,6/26/2025,"Apexanalytix, an enterprise risk resolution provider, expands its Supplier Risk Management solution to include real-time tariff risk monitoring, enabling organizations to track global trade changes, assess cost impacts, and proactively manage supply chain risks",https://www.businesswire.com/news/home/20250626060829/en/apexanalytix-Empowers-Supply-Chains-with-Real-Time-Tariff-Risk-Intelligence,apexanalytics,Product Launch,GTM,,
2025,6/26/2025,"Everstream Analytics enhances its tariff intelligence capabilities, enabling real-time visibility into tariff risks, analyze supplier diversification, and manage supply chain disruptions through scenario planning",https://www.businesswire.com/news/home/20250626406018/en/Everstream-Analytics-Delivers-Enhanced-Tariff-Intelligence-as-New-Research-Reveals-Major-Tech-Companies-Supply-Chain-Diversification-Away-from-China,Everstream,Product Launch,GTM,,International
2025,6/26/2025,Wolters Kluwer launches carbon compliance reporting for CBAM regulations and sustainability planning with financial analytics,https://www.wolterskluwer.com/en/news/pr-2025-cch-tagetik-esg-solution-offers-cbam-and-planning-and-analysis-capabilities,Wolters Kluwer,Product Launch,ESG,,International
2025,6/26/2025,"Vertex Inc. announces new certified integrations and solution enhancements—including expanded ERP and e-commerce connectivity, AI-powered tools, and global compliance features",https://www.vertexinc.com/company/news/latest-news/vertex-expands-global-tax-integration-ecosystem-65-new-enhancements,Vertex,Partnership,Tax Compliance,,
2025,6/20/2025,"Maersk launches ""Maersk Trade & Tariff Studio"", a digital platform that provides centralized, AI-powered customs and tariff management",https://www.maersk.com/news/articles/2025/06/25/maersk-launches-maersk-trade-and-tariff-studio,Maersk,Product enhancement,GTM,,
2025,6/26/2025,Experian integrates Mastercard's Identity insights into its Ascend platform to enhance its identity assessment and risk decisioning capabilities,https://www.experianplc.com/newsroom/press-releases/2025/experian-strengthens-its-fraud-fighting-capabilities-with-master,Experian,Partnership,Corp Risk,,
2025,6/26/2025,Socure accelerates the global expansion of its KYB solution in response to the increased need for business verification across industries,https://www.socure.com/news-and-press/global-kyb-expansion-liminal-top-provider,Socure,,Corp Risk,,
2025,6/25/2025,"Sumsub partners with Data zoo, a business and IDV data provider, to support financial institutions  with compliance processes",https://sumsub.com/newsroom/sumsub-and-data-zoo-partner-to-enhance-global-compliance-and-fraud-prevention-solutions/,Sumsub,Partnership,Corp Risk,,
2025,6/24/2025,Veriff's Future of finance report states that over 60% of the firms reported an increase in AI driven fraud attacks. Report also states 38% of consumers picked biometrics as their #1 choice to protect their interactions,https://www.veriff.com/pr-news/veriff-report-one-in-20-online-identity-verification-attempts-in-financial-services-is-fraudulent,Veriff,Report,Corp Risk,,
2025,6/24/2025,"Persona enhances its Workplace Identity Verification solution to combat rising candidate fraud, AI-driven impersonations and verify user identities across every stage of the workforce lifecycle",https://www.prnewswire.com/news-releases/persona-enhances-workforce-identity-solution-with-candidate-fraud-detection-and-expanded-iam-and-hris-integrations-302489684.html,Persona,Product enhancement,Corp Risk,,
2025,6/26/2025,"TransUnion makes minority investment in Omnisient, a fintech company that offers privacy preserving data collaboration and advanced analytics platform",https://www.finextra.com/pressarticle/106123/transunion-makes-minority-investment-in-south-african-fintech-omnisient?utm_medium=rssfinextra&utm_source=finextrafeed,TransUnion,Partnership,Corp Risk,,
2025,6/26/2025,"ContractPodAi's Leah partners with Microsoft to build agentic AI solutions for legal, procurement, regulatory and compliance use cases",https://contractpodai.com/news/contractpodai-microsoft-azure-openai/,ContractPodAi,Partnership,Corp Legal,,
2025,6/24/2025,"ALSP Integreon launches a GenAI compliance service with ContractPodAi’s AI platform, Leah focusing on frequently occurring compliance demands, such as DORA, GDPR, and HIPAA",https://www.artificiallawyer.com/2025/06/24/integreon-launches-genai-compliance-service-with-cpai/,Integreon,Product Launch,Corp Legal,,
2025,6/23/2025,"Consilio launches Aurora, its eDiscovery platform in UK and Europe",https://www.consilio.com/resource/consilio-announces-bespoke-uk-and-european-launch-of-aurora,Consilio,Geographic expansion,Corp Legal,,
2025,6/30/2025,"Tradeshift launches Analytics app, powered by Amazon QuickSight and Amazon Q, enabling buyers to generate, AI-driven payables and procurement insights",https://tradeshift.com/ai-powered-ap-analytics-app-amazon-quicksight/,Tradeshift,Product Launch,AP/AR Automation,Gen AI,
2025,6/25/2025,"Basware announces Guardian for AP, an AI-powered gatekeeper that automatically cleans, validates, and secures invoices before they enter the AP system",https://www.linkedin.com/posts/jason-kurtz-7593513_basware-guardian-for-ap-first-line-defense-activity-7343598425449373696-EmJH?utm_source=share&utm_medium=member_desktop&rcm=ACoAADq0lXQBXTqj-sy6tAYLEbCUl7FuRmFXwsw,Basware,Product Launch,AP/AR Automation,,
2025,04/07/2025,"IRIS, an indian indirect tax solution provider, plans to sell selling its GST ASP business and 100% stake in IRIS Logix Solutions to Sovos for approximately $18$",https://www.msn.com/en-us/money/companies/iris-business-services-ltd-divests-gst-asp-business-and-subsidiary-to-sovos-compliance/ar-AA1HRjMw,Sovos,Acquisition,Tax Compliance,,
2025,01/07/2025,"K1x introduces Aggregator Plus, an upgrade to its K1 Aggregator platform, which adds automated Form 1099 data extraction to its tax processing solution",https://www.businesswire.com/news/home/20250701475023/en/K1x-Launches-Aggregator-Plus-Adding-1099-Data-Extraction-to-Its-AI-Powered-Tax-Automation-Platform,K1x,Product Enhancement,TIR,,
2025,02/07/2025,"A team of Cornell Tech students win $100,000 for their company SAIL, which uses AI to streamline trade compliance by classifying goods under the Harmonized Tariff Schedule and tracking regulatory changes for heavy industry",https://tech.cornell.edu/news/sail-cornell-tech/,Sail,Funding,GTM,,
2025,01/07/2025,"Ancora launches e-Invoicing capabilities in its Intelligent Document Processing platform, enabling automated handling of structured digital invoices",https://fox40.com/business/press-releases/ein-presswire/827376875/ancora-software-launches-powerful-new-e-invoicing-capabilities-expanding-intelligent-document-processing-platform/,ancora,Product Enhancement,E-invoicing,,
2025,7/30/2025,Diginex Limited announces additional government funding support from the Hong Kong Monetary Authority to enhance its AI-powered ESG compliance solutions,https://www.nasdaq.com/articles/diginex-limited-secures-additional-government-funding-enhance-ai-powered-compliance,diginex,Funding,ESG,,
2025,02/07/2025,"Legaltech Hub releases competitive analysis on contract review providers for law firms, with Kira, eBreiva, Luminance, Harvey, Spellbook and TR represented as “most robust in terms of features and maturity""",https://www.law.com/legaltechnews/2025/07/02/legaltech-hub-releases-competitive-analysis-on-contract-review-providers-for-law-firms/,,Industry,Corp Legal,,
2025,03/07/2025,"Wordsmith, launches a training framework for ‘legal AI engineers’ aimed at inhouse lawyers, for free",https://www.wordsmith.ai/blog/legal-ai-engineering-frameowrk,,,Corp Legal,,
2025,03/07/2025,Keyless partners with Idnow to integrate its IDV and digital signature solutions into Keyless' biometric multifactor authentication technology,https://www.idnow.io/pr/idnow-keyless-partnership-continuous-trust/,Idnow,Partnership,Corp Risk,,
2025,01/07/2025,IN Groupe completes acquisition of Idemia Smart Identity,https://www.biometricupdate.com/202507/in-groupe-completes-acquisition-of-idemia-smart-identity,Idemia,Acquisition,Corp Risk,,
2025,6/30/2025,Hawk introduces Fraud Day One defense models to provide financial institiutions with proactive protection against fraud attacks,https://hawk.ai/news-press/hawk-unveils-fraud-day-one-defense-models-deliver-personalized-protection-speed,Hawk,Product launch,Corp Risk,,
2025,09/07/2025,Sovos and Tungsten Automation partner to deliver an integrated AP solution,https://sovos.com/press-releases/sovos-partners-with-tungsten-automation-to-deliver-breakthrough-compliant-accounts-payable-ap-solution/?_gl=1*jqmeb5*_up*MQ..*_ga*MTUzNjQ4NzA0NC4xNzExOTAyNjI4*_ga_E6KJ55E4Q5*czE3NTI0NjkyMzAkbzIzNSRnMCR0MTc1MjQ2OTIzMCRqNjAkbDAkaDE1MzM1MDkzMDE.,Sovos,Partnership,Tax Compliance,,
2025,07/07/2025,"Sovos acquires NAAT.TECH, a Mexican electronic signature and identity verification provider, to expand its digital trust capabilities and strengthen its position in tax compliance across Latin American markets",https://sovos.com/press-releases/sovos-expands-americas-footprint-and-capabilities-with-acquisition-of-naat-tech/?_gl=1*jqmeb5*_up*MQ..*_ga*MTUzNjQ4NzA0NC4xNzExOTAyNjI4*_ga_E6KJ55E4Q5*czE3NTI0NjkyMzAkbzIzNSRnMCR0MTc1MjQ2OTIzMCRqNjAkbDAkaDE1MzM1MDkzMDE.,Sovos,Acquisition,Others,,International
2025,09/07/2025,"Avalara launches Avi for Tax Research, an AI-powered assistant embedded in Avalara Tax Research (ATR)",https://newsroom.avalara.com/2025-07-09-Avalara-Embeds-AI-Powered-Assistant-into-Avalara-Tax-Research,Avalara,Product Enhancement,Report,Gen AI,
2025,09/07/2025,"Descartes announces Macropoint FraudGuard 2.0, a freight fraud detection solution with realtime monitoring, verification tools and risk alerts",https://www.descartes.com/resources/news/descartes-macropoint-fraudguard-provides-transportation-industry-next-generation-solution-for-freight-fraud-defense,Descartes,Acquisition,Others,,
2025,09/07/2025,"Resilinc launches its Agentic AI platform on Microsoft Azure Marketplace, integrating Azure's cloud and AI capabilities to enable autonomous supply chain risk detection, compliance monitoring, and real-time disruption response",https://resilinc.ai/press-release/resilinc-launches-agentic-ai-for-supply-chain-risk-and-compliance-built-on-microsoft-azure/,Resilinc,Partnership,Others,,
2025,09/07/2025,"Edicom claims earnings of ~$165M in 2024 from its core business, a growth of 21% from 2023 and a net margin of 60%. Edicom also plans to accentuate its focus to Malaysia",https://www.msn.com/es-es/dinero/empresa/la-valenciana-edicom-se-hace-de-oro-con-la-factura-electr%C3%B3nica-gana-151-millones-con-un-margen-neto-del-60/ar-AA1Is4N9,Edicom,Earnings,E-invoicing,,International
2025,10/07/2025,UL Solutions launches sustainability-focused software solutions within its ULTRUS platform to manage supply chain emissions and meet ISSB reporting requirements,https://www.esgtoday.com/ul-solutions-launches-new-scope-3-data-and-sustainability-reporting-solutions/,UL,Product launch,ESG,,
2025,10/07/2025,"Deloitte and Bloomberg Tax & Accounting publish Portfolio 190, a guide on the U.S. federal income taxation of cryptocurrencies and digital assets",https://www.deloitte.com/us/en/about/press-room/deloitte-and-bloomberg-tax-accounting-announce-the-release-of-a-comprehensive-tax-management-portfolio-on-taxation-of-cryptocurrency-and-other-digital-assets.html,Deloitte,Partnership,Report,,
2025,08/07/2025,"Jumio partners with Prometeo, a fintech company, to provide business with a unified solution that simplifies onboarding and payment reconciliation processes",https://www.jumio.com/about/press-releases/jumio-prometeo-strategic-alliance/,Jumio,Partnership,Corp Risk,,
2025,07/07/2025,Nice Actimize's 2025 Fraud Insights report talks about international wire fraud attempts becoming more targeted and sophisticated,https://www.niceactimize.com/press-releases/nice-actimize-2025-fraud-insights-report-482/,Nice Actimize,Report,Corp Risk,,
2025,09/07/2025,Idnow announces appointment of new executive leaders to scale its IDV solutions and drive global expansion,https://www.idnow.io/pr/announcement-expanded-executive-leadership/,Idnow,Executive change,Corp Risk,,
2025,08/07/2025,Inhouse AI company Eudia buys ALSP Johnson Hana to build a comprehensive network of augmented legal professionals,https://www.prnewswire.com/news-releases/eudia-acquires-johnson-hana-to-build-worlds-first-ai-augmented-human-workforce-302499622.html,Eudia,M&A,Corp Legal,,
2025,07/07/2025,Luminance launches Compliance Agents; first in a series of team-specific modules to automate workflows across the enterprise,https://www.luminance.com/news/press/20250707_luminance_launches.html,Luminance,Product Launch,Corp Legal,,
2025,09/07/2025,"On-demand legal documents provider Paralex comes out of beta, offering fixed fee attorney-verified custom legal documents for small businesses; Paralex offeres legal document drafting services include NDAs, privacy policies, terms of service, employment agreements, founder and equity agreements, service contracts, and more, as well as a wide array of startup resources",https://www.legalitprofessionals.com/usa-news/14161-paralex-launches-to-revolutionize-legal-access-for-entrepreneurs,Paralex,Product Launch,Corp Legal,,
2025,08/07/2025,"Epiq announced the acquisition of Case Pilots, a UK based claims administration companies. Epiq is  one of the world’s leading class actions and claims administrator and the largest in North America",https://www.epiqglobal.com/en-us/resource-center/news/epiq-bolsters-its-leadership-of-class-action-administration-in-the-uk-and-europe-with-the-acquisitio,Epiq,M&A,Corp Legal,,
2025,08/07/2025,"Relativity scales GenAI availability across Asia to make Relativity aiR for Review and Relativity aiR for Privilege available to all RelativityOne instances located in Hong Kong, India, Japan, Singapore and South Korea",https://www.prnewswire.com/in/news-releases/relativity-scales-generative-ai-availability-across-asia-302499288.html,Relativity,Product Launch,Corp Legal,,
2025,09/07/2025,"According to survey by Axiom of 600+ senior inhouse lawyers across eight countries on AI adoption has found that 66% of them are using ‘raw’ LLM chatbots such as ChatGPT, and only between 7% and 17% are using bona fide legal AI tools made for this sector",https://www.artificiallawyer.com/2025/07/09/66-of-inhousers-using-raw-chatbots-arrgghhhhh/,Industry,,Corp Legal,,
2025,7/17/2025,"PairSoft and Finexio renew their partnership to provide, AI-driven AP automation and embedded payments solutions",https://www.pymnts.com/news/b2b-payments/2025/pairsoft-and-finexo-renew-partnership-on-embedded-payments-for-accounts-payable/,Pairsoft,Partnership,AP/AR Automation,,
2025,7/15/2025,"ParkourSC partners with BCT Supply Chain Consulting to provide real-time visibility, predictive analytics, and intelligent automation across supply chains",https://www.businesswire.com/news/home/20250715250030/en/ParkourSC-and-BCT-Supply-Chain-Consulting-Announce-Partnership-to-Build-End-to-End-Supply-Chain-Resilience-with-Dynamic-Decision-Intelligence,ParkourSC,Partnership,TMS,,
2025,7/15/2025,"Manhattan Associates' research reveals organizations' current transportation management systems are struggling to meet escalating demands for operational visibility, AI integration, and sustainability compliance, threatening future performance and increasing costs",https://www.manh.com/our-insights/resources/research-reports/unlocking-the-future-of-transportation-management?utm_campaign=25-07-NOAM-All-Transportation-AssetConsumption-VansonBourne&utm_content=research-report&utm_source=press-release&utm_medium=referral&utm_term=access-the-report,Industry,Report,Report,,
2025,7/16/2025,"Schneider Electric launches Zeigo Hub, an AI-powered platform with decarbonization roadmaps and emmission tracking capabilities",https://www.esgtoday.com/schneider-electric-launches-new-supply-chain-decarbonization-platform/,Schnider,Product Launch,ESG,,
2025,7/14/2025,Microsoft and Novata partner to co-develop sustainability data and reporting solutions for SMEs,https://www.esgtoday.com/microsoft-partners-with-novata-to-provide-sustainability-data-and-reporting-solutions-to-smes-suppliers/,Microsoft,Product Launch,ESG,,Interantional
2025,7/15/2025,"Deloitte US Tax practice acquires Trust Processing Solutions' assets, expanding its fiduciary tax services",https://www.consulting.us/news/12118/deloitte-acquires-assets-of-trust-processing-solutions,Deloitte,Acquisition,Trust,,
2025,7/15/2025,"Tax Star, a Dubai-developed AI-powered corporate tax software, automates UAE tax compliance processes for accounting firms",https://fox40.com/business/press-releases/ein-presswire/830651488/tax-star-becomes-the-uaes-first-ai-powered-corporate-tax-software/,Taxstar,Product Launch,Tax Compliance,,International
2025,7/15/2025,Ryan launches an integration with Concur Expense that automates meals and entertainment tax deduction optimization,https://www.businesswire.com/news/home/20250715987409/en/Ryan-Announces-Integration-with-Concur-Expense,Ryan,Partnership,Tax Compliance,,
2025,7/15/2025,Shift Connect launches an all-in-one AP/AR automation platform with real-time FX tools and ERP integration,https://calgary.tech/2025/07/15/shift-connect-ap-ar-automation-platform/,Shift Connect,Product Launch,AP/AR Automation,,
2025,7/15/2025,"Billtrust announces AI-powered features to its Receivables suite that includes agentic email automation, integrated dispute management cases, and intelligent credit review",https://www.billtrust.com/news/billtrust-unveils-credit-collections-platform-innovations,BillTrust,Product Enhancement,AP/AR Automation,,
2025,7/14/2025,"Aberdeen Group, a UK based investment management firm, selects NICE Actimize's X-Sight AML solutions to enhance its financial crime operations",https://www.niceactimize.com/press-releases/nice-actimize-x-sight-aml-solutions-selected-by-aberdeen-group-483/,Nice Actimize,Client win,Corp Risk,,
2025,7/16/2025,Socure launches a workforce verification solution to combat rising fraud in hiring processes and imposter workers,https://www.socure.com/news-and-press/workforce-verification-solution-launch,Socure,Product launch,Corp Risk,,
2025,7/17/2025,"BioCatch launches Scams360, a behavioral analytics tool, to help financial institutions detect and prevent Authorized Push Payment (APP) fraud in real-time",https://www.biometricupdate.com/202507/biocatch-launches-behavioral-analytics-tool-to-help-stop-app-fraud,BioCatch,Product launch,Corp Risk,,
2025,7/17/2025,"CLM provider ContractPodAi partners with contract and compliance-focused ALSP, Proxiio Global Solutions; this combines its agentic AI platform Leah and Proxiio’s scalable delivery",https://contractpodai.com/news/proxiio-contractpodai-agentic-ai-partnership/,ContractPodAi,Partnership,Corp Legal,,
2025,7/15/2025,"LegalOn Technologies, an AI contract review company, expands into matter management with upgrades to its platform that allow legal departments to manage the intake and execution of legal requests",https://www.businesswire.com/news/home/20250715141547/en/LegalOn-Expands-Beyond-Contract-Review-with-Matter-Management,LegalOn,Product Update,Corp Legal,,
2025,7/15/2025,"Callidus Legal AI, an AI platform that automates core litigation workflows, raises $10M in funding from Cervin Venture; this brings its total funding to $13M",https://callidusai.com/blog/callidus-raises-10m-to-accelerate-the-future-of-ai-powered-litigation/,Callidus Legal AI,Funding,Corp Legal,,
2025,7/16/2025,"UK based managed services provider, Quiss Technology partners with UAE-founded GenAI startup Qanooni AI, to integrate Qanooni’s platform into its portfolio of services",https://legaltechnology.com/2025/07/16/exclusive-quiss-technology-partners-with-genai-startup-qanooni-ai/,Quiss Technology,Partnership,Corp Legal,,
2025,7/15/2025,"Lexitas launches Deposition Insights+, an AI-enabled platform designed to streamline deposition transcript analysis and video review for litigation teams",https://www.lexitaslegal.com/news/lexitas-launches-ai-powered-platform,Lexitas,Product Launch,Corp Legal,,
2025,7/22/2025,"Sovos launches Sovos Intelligence, an AI-powered tax compliance intelligence that leverages Sovi.Ai to provide real-time insights and ""Mirror Visibility"" into tax data, enabling companies to detect compliance risks, optimize cash flow planning",https://sovos.com/press-releases/sovos-launches-worlds-first-ai-powered-tax-compliance-intelligence-solution/?_gl=1*osp5j7*_up*MQ..*_ga*MTUzNjQ4NzA0NC4xNzExOTAyNjI4*_ga_E6KJ55E4Q5*czE3NTM2NzE0MTQkbzI0NCRnMSR0MTc1MzY3MjE3OCRqMTIkbDAkaDE1MzkwODI0NjM.,Sovos,Product Launch,Tax Compliance,,
2025,7/21/2025,"Avalara's parent company confidentially files a draft S-1 registration statement with the SEC for a proposed public offering of common stock, with share count and pricing yet to be determined",https://newsroom.avalara.com/2025-07-21-Avalara-Announces-Confidential-Submission-of-Draft-Registration-Statement,Avalara,Other,Tax Compliance,,
2025,7/21/2025,"Xelix raises $160M in Series B funding to enhance its Agentic AI-based accounts payable platform,",https://www.pymnts.com/news/investment-tracker/2025/xelix-raises-160-million-to-bring-agentic-ai-to-accounts-payable/,Xelix,Funding,AP/AR Automation,,
2025,7/22/2025,Ceretax announces integration of its tax automation solution with Salesforce CPQ and Commerce Cloud,https://www.linkedin.com/posts/ceretax_salesforceapps-salestaxautomation-revenueoperations-activity-7353091497610625024-fcmL?utm_source=share&utm_medium=member_desktop&rcm=ACoAADq0lXQBXTqj-sy6tAYLEbCUl7FuRmFXwsw,Ceretax,Partnership,Tax Compliance,,
2025,7/24/2025,TaxCloud integrates its sales tax compliance and calculation suite with WooCommerce,https://www.linkedin.com/posts/fedtax_new-on-woocommerce-taxcloud-is-now-listed-activity-7354135403420934144-dDW0?utm_source=share&utm_medium=member_desktop&rcm=ACoAADq0lXQBXTqj-sy6tAYLEbCUl7FuRmFXwsw,Woocommerce,Partnership,Tax Compliance,,
2025,7/21/2025,"Wolters Kluwer sells its Finance, Risk and Regulatory Reporting unit to Regnology Group for approximately $528M",https://www.wolterskluwer.com/en/news/wolters-kluwer-to-divest-its-finance-risk-and-regulatory-reporting-unit,Wolters Kluwer,Divestment,Statutory Reporting,,
2025,7/24/2025,"Japan-based contract review startup, LegalOn raises $50M Series E funding, led by Growth Equity at Goldman Sachs Alternatives to accelerate the company’s development of agentic AI software and build its business development operations in US and UK; this brings its total funding to ~$200M",https://www.legalontech.com/press-releases/legalon-closes-50-million-series-e-led-by-goldman-sachs,LegalOn,Funding,Corp Legal,,
2025,7/25/2025,"Contract automation platform, Juro releases Review Agent, an agentic AI tool for contract review and redlining against custom playbooks",https://juro.com/blog/juro-launches-review-agent,Juro,Product Launch,Corp Legal,,
2025,7/22/2025,"ALSP, QuisLex launches QuisLex advisory, a suite of consulting services for legal departments and law firms",https://quislex.com/news/quislex-expands-suite-advanced-legal-solutions-launch-quislex-advisory,QuisLex,Product Launch,Corp Legal,,
2025,7/24/2025,"RELX reports H1 2025 risk revenue of $2.4B, up by 8% YoY; growth was driven by financial crime compliance and fraud & identity solutions",https://www.relx.com/media/press-releases/year-2025/first-half-2025,RELX,Earnings,Corp Risk,,
2025,7/24/2025,"TransUnion reports Q2 2025 of $1.1B, up 10% YoY; growth led by financial services and insurance segments",https://newsroom.transunion.com/transunion-announces-second-quarter-2025-results/,TransUnion,Earnings,Corp Risk,,
2025,7/22/2025,"Equifax reports Q2 2025 revenue of $1.5B, up 7% YoY; growth driven by verification services, product innovation and U.S. Mortgage revenues",https://investor.equifax.com/news-events/press-releases/detail/1362/equifax-delivers-above-guidance-second-quarter-results,Equifax,Earnings,Corp Risk,,
2025,7/21/2025,"Wolters Kluwer plans to sell its Finance, Risk and Regulatory reporting (FRR) unit to Regnology Group for approximately $527M",https://www.wolterskluwer.com/en/news/wolters-kluwer-to-divest-its-finance-risk-and-regulatory-reporting-unit,Wolters Kluwer,Divestiture,Corp Risk,,
2025,7/23/2025,"Socure launches Dispute Abuse Score to help businesses detect repeat abusers across industries by analyzing dispute histories, account closures, location and device intelligence",https://www.socure.com/news-and-press/dispute-abuse-score-for-reg-e,Socure,Product launch,Corp Risk,,
2025,7/22/2025,"Experian invests in Resistant AI, a fincrime prevention and detection platform, to combat Authorized Push Payment (APP) fraud in the UK finance industry",https://www.experianplc.com/newsroom/press-releases/2025/experian-makes-strategic-investment-in-resistant-ai-to-tackle-fr,Experian,Investment,Corp Risk,,
2025,7/24/2025,Hawk AI appoints Hrishi Talwar as Vice President of Product for fraud prevention solutions,https://hawk.ai/news-press/hawk-taps-hrishi-talwar-lead-ai-driven-fraud-prevention-financial-services,Hawk AI,Leadership change,Corp Risk,,
2025,7/28/2025,"Vertex releases its 2025 Mid-Year U.S. Rates and Rules Report, highlighting a 24% increase in sales tax rate changes and new rates through June 30, 2025, driven by local governments' efforts to generate revenue",https://www.vertexinc.com/company/news/latest-news/vertex-report-us-sees-continued-acceleration-sales-tax-rates-and-rules,Vertex,Report,Others,,
2025,7/29/2025,"Comply Exchange and Ledgible partner to provide integrated crypto tax compliance solutions that combine transaction tracking, cost-basis reporting, and tax form validation",https://ledgible.io/news/comply-exchange-x-ledgible-crypto-compliance-without-the-chaos/,Ledgible,Partnership,TIR,,
2025,7/29/2025,,https://www.pymnts.com/tracker_posts/embedded-b2b-payments-the-next-frontier-in-ap-digitization/,Others,Others,AP/AR Automation,,
2025,7/29/2025,Insightsoftware partners with Orbitax to integrate Longview Tax's reporting capabilities with Orbitax's BEPS 2.0 Pillar Two and QDMTT capabilities,https://insightsoftware.com/blog/insightsoftware-and-orbitax-partner-to-deliver-comprehensive-tax-reporting-and-pillar-two-compliance-solution/,Orbitax,Partnership,Direct Tax,,International
2025,7/30/2025,"The European Commission’s 2025 eInvoicing Country Factsheets provide an up-to-date overview of e-invoicing practices, mandates, and digital VAT reporting across all EU and EEA countries",https://snitechnology.net/ec-publishes-2025-einvoicing-factsheets/,Industry,Report,E-invoicing,,International
2025,7/29/2025,"Caspian, an AI-driven customs compliance startup that automates duty drawback and trade advisory services, $5.4M in seed funding by Primary Venture Partners",https://www.businesswire.com/news/home/20250729878632/en/Caspian-Launches-AI-Powered-Global-Trade-Advisory-Platform-with-%245.4M-Seed-Funding-Led-by-Primary-Venture-Partners,Caspian,Product Launch,GTM,,International
2025,7/29/2025,,https://www.businesswire.com/news/home/20250729397004/en/Logistics-Plus-Outpaces-Larger-Rivals-with-AI-Powered-Supply-Chain-Intelligence-from-Qlik,Qlik,Product Enhancement,GTM,,
2025,01/08/2025,EFRAG publishes revised European Sustainability Reporting Standards that reduce reporting requirements by  ~68% and eliminate all voluntary disclosures to simplify compliance with the EU's CSRD,https://www.esgtoday.com/efrag-releases-proposed-simplified-csrd-sustainability-reporting-standards/,Industry,Regulation,ESG,,
2025,8/31/2025,Epicor announces strategic partnerships with Sovos and SourceDay to integrate tax compliance and supply chain collaboration capabilities into its Kinetic ERP platform,https://www.epicor.com/en/newsroom/news-releases/epicor-expands-cognitive-erp-capabilities/,Sovos,Partnership,Tax Compliance,,
2025,7/28/2025,"Litera launches a range of new GenAI features for its contract review tool, Kira including generative smart fields, grid-based workflow, concept search and more",https://www.litera.com/newslinks/litera-announces-new-kira-experience-empowering-legal-teams-expanded-genai-instant-contract-analysis,Litera,Product Launch,Corp Legal,,
2025,7/30/2025,"Streamline AI, a matter management platform for inhouse teams, raises $8.6M in Series A funding led by Blumberg Capital to fuel market expansion in mid-market and enterprise legal departments; this brings its total funding to $14M",https://www.streamline.ai/blog/series-a-funding-announcement,Streamline AI,Funding,Corp Legal,,
2025,7/31/2025,"Spellbook, a contract-focused startup, launches Library with Smart Clause Drafting from historical documents",https://www.spellbook.legal/blog/library,Spellbook,Product Launch,Corp Legal,,
2025,7/29/2025,"PwC Spain partners with CLM company Bigle to facilitate process improvement related to areas such as legal requests, document automation, negotiation and validation, electronic signatures, and document renewals",https://www.artificiallawyer.com/2025/07/29/pwc-clm-bigle-form-strategic-alliance/,Bigle,Partnership,Corp Legal,,
2025,7/28/2025,CLM company Icertis partners with GenAI contract review startup Dioptra to enable enterprises to enhance their pre-signature operations,https://www.icertis.com/company/news/icertis-and-dioptra-partner-to-accelerate-ai-powered-contracting/,Icertis,Partnership,Corp Legal,,
2025,7/29/2025,"Mitratech selects Cognition's AI agent for software development, Devin",https://mitratech.com/resource-hub/pressreleases/agentic-ai-compliance-platform/,Cognition,Client Win,Corp Legal,,
2025,7/31/2025,"LSEG Risk Intelligence reports H1 2025 revenues of $393M, up 12% YoY; growth driven by customer demand for identity, fraud and KYC/AML solutions within World-Check and new compliance lifecycle offerings",https://www.lseg.com/en/media-centre/press-releases/2025/london-stock-exchange-group-plc-h1-2025-interim-results,LSEG,Earnings,Corp Risk,,
2025,7/31/2025,Experian launches Model Risk Management assistant within its Ascend platform to help FIs reduce regulatory and reputational risks,https://www.experianplc.com/newsroom/press-releases/2025/new-ai-powered-experian-assistant-for-model-risk-management-stre,Experian,Product launch,Corp Risk,,
2025,7/31/2025,Socure announces global expansion of its RiskOS platform to tackle cross-border identity challenges across countries,https://www.socure.com/news-and-press/riskos-global-expansion,Socure,Expansion,Corp Risk,,
2025,7/29/2025,"Experian partners with Sikoia, a customer verification platform, to leverage its AI document processing technology and modernize income, employment verification processes",https://www.finextra.com/pressarticle/106503/experian-to-deploy-sikoias-ai-powered-document-processing-technology,Experian,Partnership,Corp Risk,,
2025,06/08/2025,Bloomberg Tax announces updates to its Provision software with a new rate reconciliation report that comply with FASB's update (ASU 2023-09) and ASC 740 disclosure requirements,https://www.cpapracticeadvisor.com/2025/08/06/bloomberg-tax-provision-releases-built-in-asu-2023-09-rate-reconciliation-report/166838/,Bloomberg Tax,Product Enhancement,Tax Compliance,,
2025,05/08/2025,"Quadient's Serensia, a certified French e-invoicing platform, passes live interoperability tests for France’s mandatory e-invoicing rollout",https://www.globenewswire.com/news-release/2025/08/05/3127048/0/en/E-Invoicing-Quadient-Reaches-Key-Milestone-as-Serensia-Successfully-Passes-French-Tax-Authority-Testing.html,Quadient,Certification,E-invoicing,,International
2025,06/08/2025,"Zoho Corporation launches the Singapore edition of Zoho Books and its finance suite, offering cloud-based accounting software with built-in GST compliance and e-invoicing capabilities",https://www.zawya.com/en/economy/global/zoho-launches-zoho-books-singapore-edition-mzt2llqp,Zoho,Expansion,Tax Compliance,,International
2025,06/08/2025,"Vertex Q2: Revenue up by 15%, but decrease in margins, customer metrics and free cash flow. FY guidance cut to $750-754M from $760-768M.",https://www.vertexinc.com/company/news/latest-news/vertex-announces-second-quarter-2025-financial-results,Vertex,Earnings,Others,,
2025,06/08/2025,"WiseTech Global completes its acquisition of E2open for $3.3 per share in all-cash deal, delists it from the NYSE, replaces leadership, and assumes full control",https://www.investing.com/news/sec-filings/wisetech-global-completes-acquisition-of-e2open-nyseetwo-shares-delisted-93CH-4168870,E2Open,Acquisition,GTM,,
2025,06/08/2025,"Descartes launches Visual Compliance AI Assist, an AI-driven denied-party screening tool that reduces false positives in denied party screening",https://www.descartes.com/resources/news/descartes-helps-reduce-false-positives-ai-enabled-denied-party-screening-solution,Descartes,Product Enhancement,SCM,,
2025,04/08/2025,Descartes Systems Group acquires California-based Finale Inventory for $40M to expand its ecommerce inventory management capabilities,https://www.descartes.com/resources/news/descartes-acquires-finale-inventory,Descartes,Acquisition,Others,,
2025,05/08/2025,,https://www.descartes.com/resources/news/talking-logistics-ai-innovations-global-trade-intelligence-technology,Descartes,,,,
2025,07/08/2025,,https://ledgible.io/news/ledgible-and-bitgo-partner-to-empower-institutional-crypto-clients-with-end-to-end-tax-compliance-solutions/,Ledgible,Client win,TIR,,
2025,08/08/2025,"Dubai-based Tax Star launches its AI-driven corporate tax software, automating compliance, calculations and filings",https://gulfbusiness.com/dubais-tax-star-launches-uaes-first-ai-powered-corporate-tax-software/,TaxStar,Product Launch,Tax Compliance,,International
2025,07/08/2025,"Stampli launches Stampli Edge, an AP automation solution for SMBs, offering AI-powered invoice capture, vendor management, and integrated payments",https://www.cpapracticeadvisor.com/2025/08/07/stampli-launches-stampli-edge-ai-driven-ap-automation-built-for-smbs/166881/,Stampli,Product launch,AP/AR Automation,,International
2025,07/08/2025,,https://www.globenewswire.com/news-release/2025/08/07/3129402/37161/en/AvidXchange-and-Ministry-Brands-Announce-Exclusive-Partnership.html,AvidXchange,Client win,AP/AR Automation,,
2025,06/08/2025,Bloomberg Tax announces updates to its Provision software with a new rate reconciliation report that comply with FASB's update (ASU 2023-09) and ASC 740 disclosure requirements,https://www.cpapracticeadvisor.com/2025/08/06/bloomberg-tax-provision-releases-built-in-asu-2023-09-rate-reconciliation-report/166838/,Bloomberg Tax,Product Enhancement,Tax Compliance,,
2025,06/08/2025,Kintsugi announces integration with Walmart Marketplace to  to automate sales tax compliance by syncing transaction data for accurate tax calculation and filing.,https://www.linkedin.com/posts/kintsugi-ai_automation-salestaxautomation-ai-activity-7351989173689491459-wNd3/?utm_source=share&utm_medium=member_desktop&rcm=ACoAAAVSiL0BXJHVEWkUeGGjhSRzUtljTeC00f4,Kintsugi,Integration,Tax Compliance,,
2025,8/18/2025,Basware launches Invoice enrichment to enhance the quality of invoice data before it enters AP process or ERP system,https://customer.basware.com/en/august-product-release-notes,Basware,Launch,AP/AR Automation,,
2025,08/08/2025,SEEBURGER Accredited as Peppol Access Point and Service Provider in Australia and New Zealand,https://www.seeburger.com/fileadmin/pdf/press-release/20250808-SEEBURGER-PR-Peppol-AU-NZ-EN.pdf,Seeburger,Certification,E-invoicing,,
2025,8/18/2025,Avalara Unveils AI-infused Property Tax Managed Services to Streamline Enterprise Compliance,https://newsroom.avalara.com/2025-08-18-Avalara-Unveils-AI-infused-Property-Tax-Managed-Services-to-Streamline-Enterprise-Compliance,Avalara,Launch,Tax Compliance,,
2025,07/08/2025,"Onestream announces Q2'25 financial results, reported 26% increase in revenue, provides total revenue guidance of $586M - $590M for FY2025",https://www.prnewswire.com/news-releases/onestream-announces-second-quarter-2025-financial-results-302524544.html,Onestream,Results,Statutory Reporting,,
2025,12/08/2025,"Definely, a contract review platform, launches 'Cascade', that detects and tracks the ripple effects of changes across contracts",https://www.definely.com/newsroom/definely-launches-first-of-its-kind-solution-leveraging-advanced-ai-models-to-track-knock-on-effects-of-changes-within-a-contract,Definely,Product Launch,Corp Legal,,
2025,12/08/2025,"Contract analysis company, Syntheia announces the SaaS launch of its legal document comparison tool Super Comparer",https://www.intapp.com/news/intapp-time-horizon-release/,Syntheia,Product Launch,Corp Legal,,
2025,12/08/2025,"Rocket Lawyer launches Rocket Copilot Contract Review, expanding its Rocket Lawyer Copilot solution, to help small businesses review, negotiate and sign contracts",https://www.globenewswire.com/news-release/2025/08/12/3131757/0/en/Rocket-Lawyer-Launches-Rocket-Copilot-Contract-Review-Empowering-Small-Business-Owners-to-Negotiate-Sign-and-Enforce-Contracts-With-Confidence.html,Rocket Lawyer,Product Update,Corp Legal,,
2025,12/08/2025,"Gavel launches Deep Reasoning Mode in Gavel Exec, its Microsoft Word add-in for AI-powered contract redlining, drafting, and negotiation",https://www.artificiallawyer.com/2025/08/12/gavel-exec-launches-deep-reasoning-mode/,Gavel,Product Update,Corp Legal,,
2025,12/08/2025,"Banking Services Provider, LHV selects Luminance to enhance contract workflows",https://www.luminance.com/news/press/20250812_lhv_partners.html,Luminance,Client Win,Corp Legal,,
2025,8/13/2025,"Chamelio, a legal intelligence platform for inhouse teams, updates its AI-powered offering with expanded capabilities including contract review with and without playbook, Microsoft Word add-in and more",https://www.businesswire.com/news/home/20250813166470/en/Chamelio-Launches-Landmark-Update-Delivering-End-to-End-AI-for-Contract-Review-Negotiation-and-Repository-Management,Chamelio,Product Update,Corp Legal,,
2025,8/13/2025,"Onit launches Unity e-Billing to streamline billing compliance with unified vendor data, Spend Agent to flag invoice violations using AI, and CounselMatch to match counsel to vendors via Leopard Solutions’ attorney database",https://www.onit.com/news/onit-announces-unity-elm-ebilling-summer-availability/,Onit,Product Launch,Corp Legal,,
2025,8/13/2025,ContractPodAi's agentic AI platform Leah integrates with OpenAI’s GPT-5,https://contractpodai.com/news/leah-gpt-5-integration/,ContractPodAI,Product Update,Corp Legal,,
2025,8/14/2025,"Fortune 500 company, Devon Energy selects Harvey",https://www.harvey.ai/blog/devon-energy-selects-harveys-legal-ai-platform,Harvey,Client Win,Corp Legal,,
2025,8/14/2025,"Matter management platform, LawToolBox partners with practice management software provider ProfitSolv",https://www.prnewswire.com/news-releases/lawtoolbox-and-profitsolv-announce-dynamic-integration-partnership-302529449.html,LawToolBox,Partnership,Corp Legal,,
2025,8/13/2025,Ironclad partners with Harvey to accelerate legal workflows for mutual customers,https://www.harvey.ai/blog/ironclad-announces-strategic-partnership-with-harvey,Harvey,Partnership,Corp Legal,,
2025,8/14/2025,Socure launches Age Assurance solution to help businesses meet evolving legal and regulatory requirements,https://www.socure.com/news-and-press/introducing-next-gen-age-assurance-solution,Socure,Product launch,Corp Risk,,
2025,8/13/2025,"Riskified partners with HUMAN Security, a cybersecurity company to combat advanced fraud in agentic ecommerce",https://www.riskified.com/press/riskified-joins-forces-with-human-to-help-merchants-embrace-trusted-ai-shopping-agent-commerce/,Riskified,Partnership,Corp Risk,,
2025,8/14/2025,"Trulioo partners with Worldpay, a payment technology provider, to introduce new safeguards for AI-powered, agent-led digital payments",https://corporate.worldpay.com/news-releases/news-release-details/worldpay-and-trulioo-collaborate-embed-trust-agentic-commerce,Trulioo,Partnership,Corp Risk,,
2025,05/08/2025,"Ripjar partners with RZOLUT, a RegTech data and diligence provider, to integrate its global and niche datasets and enhance AML screening capabilities",https://ripjar.com/news/ripjar-and-rzolut-announce-strategic-partnership-to-enhance-aml-screening/,Ripjar,Partnership,Corp Risk,,
2025,8/19/2025,Sovos partners with Intuit to integrate its e-invoicing compliance capabilities into QuickBooks for SMBs,https://sovos.com/press-releases/sovos-launches-global-partnership-with-intuit-to-deliver-best-in-class-e-invoicing-for-intuit-users/?_gl=1*n36q4s*_up*MQ..*_ga*MTUzNjQ4NzA0NC4xNzExOTAyNjI4*_ga_E6KJ55E4Q5*czE3NTYxMDgyNTUkbzI1OCRnMCR0MTc1NjEwODI1NSRqNjAkbDAkaDEzMjA2OTE3NTM.,Sovos,Partnership,Tax Compliance,,
2025,12/08/2025,Sovos acquires IRIS Business Services' Tax Technology ASP business unit to expand its global tax compliance platform into Asia Pacific and Middle East markets,https://sovos.com/press-releases/sovos-expands-global-einvoicing-and-tax-compliance-coverage-with-acquisition-of-iris-apac-tax-technology-business/?_gl=1*1csptpd*_up*MQ..*_ga*MTUzNjQ4NzA0NC4xNzExOTAyNjI4*_ga_E6KJ55E4Q5*czE3NTYxMDgyNTUkbzI1OCRnMCR0MTc1NjEwODI1NSRqNjAkbDAkaDEzMjA2OTE3NTM.,Sovos,Acquisition,Tax Compliance,,
2025,8/20/2025,"Stripe unveils Managed Payments, a merchant-of-record solution that handles global tax compliance alongside fraud, disputes, and checkout for Asian Businesses",https://stripe.com/in/newsroom/news/tour-singapore-2025,Stripe,Expansion,Tax Compliance,,International
2025,8/19/2025,"Interos.ai expands itariffs with Similar Suppliers, an AI-powered tool that finds and ranks alternative suppliers to help businesses respond to trade disruptions",https://www.businesswire.com/news/home/20250819337282/en/interos.ai-Expands-itariffs-with-Similar-Suppliers-Tool-for-Faster-Smarter-Response-to-Regulatory-and-Trade-Disruptions,Interos.ai,Product Enhancement,GTM,,
2025,8/13/2025,Diginex acquires supply chain risk monitoring platform Findings for up to $305M to enhance its cybersecurity and vendor risk management capabilities,https://www.esgtoday.com/sustainability-solutions-provider-diginex-acquires-supply-chain-risk-platform-findings-for-305-million/,Diginex,Acquisition,TPRM,,
2025,8/20/2025,,https://www.linkedin.com/posts/kintsugi-ai_automation-salestaxautomation-ai-activity-7362136006252273665-XCs3?utm_source=share&utm_medium=member_desktop&rcm=ACoAADq0lXQBXTqj-sy6tAYLEbCUl7FuRmFXwsw,Kintsugi,Partnership,Tax Compliance,,
2025,8/19/2025,Parter and Gaia Dynamics partner to integrate AI-driven tariff and compliance data directly into electronics supply chain platforms,https://www.prnewswire.com/news-releases/parter-and-gaia-dynamics-announce-strategic-partnership-to-automate-tariffs-and-compliance-for-electronics-supply-chains-302533275.html,Parter,Partnership,GTM,,
2025,8/23/2025,Overhaul secures $105M in Series C funding to expand its AI-driven supply chain risk management platform,https://www.webpronews.com/overhaul-raises-105m-series-c-for-ai-supply-chain-innovations/,Overhaul,Funding,GTM,,
2025,8/19/2025,Starling Group acquires UK SMBs focused Ember to integrate its digital tax and accounting software into Starling Bank's platform,https://fintech.global/2025/08/19/starling-bank-buys-ember-to-integrate-digital-tax-software/,Ember,Acquisition,Tax Compliance,,International
2025,08/21/2025,"Wolters Kluwer introduces analytics function to its e-billing and matter management platform TyMetrix 360°, providing data visualization features, interactive executive summaries, and configurable reporting, powered by PowerBI",https://www.wolterskluwer.com/en/news/wolters-kluwers-tymetrix360-introduces-advanced-data-analysis-and-reporting-capabilities,Wolters Kluwer,Product Update,Corp Legal,,
2025,08/19/2025,"LegalZoom offers patent filing using their own ALSP law firm based in Arizona, without reliance on AI tools",https://investors.legalzoom.com/news-releases/news-release-details/legalzoom-launches-streamlined-provisional-patent-filing-product,LegalZoom,Product Launch,Corp Legal,,
2025,08/20/2025,"Digital forensics and cybersecurity provider, Lineal acquires ProFile Discovery, an eDiscovery and digital forensics provider",https://www.legaltech-talk.com/lineal-acquires-profile-discovery-expanding-forensics-cyber-and-trial-support-services/,Lineal,M&A,Corp Legal,,
2025,08/20/2025,"Litigation-focused legal AI provider, NexLaw.ai launches ChronoVault, an AI-powered case preparation tool",https://www.law.com/legaltechnews/2025/08/22/legaltech-rundown-legalzoom-offers-patent-filing-affinipay-rebrands-as-8am-and-more/,NexLaw.ai,Product Launch,Corp Legal,,
2025,08/20/2025,"A survey by SpotDraft of in-house legal departments, shows that 49% of legal teams still manage contracts using email, Word documents and shared folders",https://www.businesswire.com/news/home/20250820510824/en/Legal-Teams-Could-Cut-Contract-Time-and-Improve-Efficiency-by-73-with-AI-But-Most-Stick-with-Manual-Processes,,Survey,Corp Legal,,
2025,08/19/2025,Incode announces the acquisition of AuthenticID to combat synthetic fraud and impersonation threats through proprietary AI innovations,https://www.authenticid.com/news_press/incode-acquires-authenticid-creating-a-global-ai-powerhouse-to-fight-identity-fraud/,Incode,Acquisition,Corp Risk,,
2025,08/20/2025,"Sift adds pre-build workflows, advanced investigation & reporting capabilities, and refined policy abuse detection, to enhance risk decisioning and strengthen identity trust",https://www.globenewswire.com/news-release/2025/08/20/3136587/0/en/Sift-s-Fall-25-Release-Advanced-Fraud-Investigation-Tooling-to-Simplify-Fraud-Management-Strengthen-Identity-Trust.html,Sift,Product launch,Corp Risk,,
2025,08/21/2025,"Verisk, a data analytics and tech provider, partners with Legentic, a fraud and fincrime detection company, to launch advanced fraud detection and asset location tools into its ClaimSearch platform",https://www.verisk.com/company/newsroom/verisk-unveils-new-claimsearch-tools-to-detect-digital-commerce-and-locate-assets-in-insurance-investigations/,Verisk,Product launch,Corp Risk,,
2025,08/20/2025,AML RightSource appoints Abhishek Mittal as Chief Product & AI Officer to accelerate innovation in financial crime compliance,https://www.amlrightsource.com/resources/aml-rightsource-appoints-abhishek-mittal-as-chief-product-ai-officer-to-accelerate-innovation-in-financial-crime-compliance,AML Rightsource,Leadership change,Corp Risk,,
2025,8/27/2025,"Avalara joins the Universal Postal Union's Consultative Committee, potentially adivising it on data and digital clearance standards for cross-border e-commerce and businesses",https://newsroom.avalara.com/2025-08-28-Avalara-Joins-Universal-Postal-Unions-Consultative-Committee-to-Help-Shape-the-Future-of-Global-Trade,Avalara,Certification,Tax Compliance,,
2025,8/25/2025,"Ecosio, an e-invoicing provider acquired by Vertex, and Code10 IT partner to create a SAP connector for e-invoicing compliance",https://www.linkedin.com/posts/ecosiohq_sap-partnership-s4hana-activity-7364568616794505216-I3iP?utm_source=share&utm_medium=member_desktop&rcm=ACoAADq0lXQBXTqj-sy6tAYLEbCUl7FuRmFXwsw,Vertex,Partnership,E-invoicing,,International
2025,8/25/2025,TaxCloud announces smart invoicing workflows and real-time PoS tax support for its Odoo integration,https://www.linkedin.com/posts/fedtax_new-in-taxcloud-for-odoo-together-with-activity-7363932820408320002-sxak?utm_source=share&utm_medium=member_desktop&rcm=ACoAADq0lXQBXTqj-sy6tAYLEbCUl7FuRmFXwsw,Taxcloud,Partnership,Tax Compliance,,
2025,8/25/2025,Netherlands implements a four-phase plan running from now until July 2030 to prepare for the EU's ViDA package requirements for cross-border B2B e-invoicing and digital reporting,https://snitechnology.net/netherlands-vida-roadmap-2025-2030-eu-e-invoicing-plan/,Industry,Regualtion,E-invoicing,,
2025,8/25/2025,Vertex's summer consumer tax survey points out that retail and e-commerce activity is spiking during historically off-peak seasons,https://www.vertexinc.com/company/news/latest-news/vertex-commerce-study-peak-shopping-trends-demand-smarter-tax-tech,Vertex,Research,Others,,
2025,8/26/2025,"Creem raises $1.9M to expand its programmable finance platform that handles global payments, taxes, and compliance for fiat and stable coin payments",https://www.finsmes.com/2025/08/creem-raises-e1-8m-in-pre-seed-funding.html,creem,Funding,Tax Compliance,,
2025,8/25/2025,"Bulgaria finalizes SAF-T technical specifications, mandating monthly, annual, and on-demandreports, with phased adoption starting with large enterprises from January 2026",https://www.pincvision.com/news/bulgaria-publishes-saf-t-details,Industry,Regulation,E-invoicing,,
2025,8/28/2025,Socure partners with Nova Credit to enhance credit access; Partnership leverages Nova Credit's cash flow insights and Socure's IDV and fraud prevention solutions to approve qualified borrowers and reduce credit risks,https://www.socure.com/news-and-press/socure-and-nova-credit-partner-to-expand-credit-access,Socure,Partnership,Corp Risk,,
2025,8/28/2025,TransUnion disclosed a data breach where more than 4.4M customers' personal information was stolen by hackers,https://www.finextra.com/newsarticle/46510/transunion-data-breach-hits-44-million-consumers,TransUnion,Funding,Corp Risk,,
2025,8/25/2025,Experian partners with Incode to integrate its IDV and metadata analysis capabilities into its Ascend platform,https://www.experianplc.com/newsroom/press-releases/2025/incode-joins-experian-partner-ecosystem-strengthening-fraud-prev,Experian,Partnership,Corp Risk,,
2025,8/27/2025,"WEX, a payment processing company, partners with Trulioo to leverage its Document Verification and Biometrics capabilities for its KYC process",https://www.trulioo.com/company/newsroom/press-releases/wex-trulioo-document-verification-biometrics,Trulioo,Partnership,Corp Risk,,
2025,08/28/2025,"Inhouse-focused platforms, Juro and Wordsmith partner using a Model Context Protocol (MCP) approach to provide an integrated AI offering to their clients",https://juro.com/blog/juro-wordsmith-agree-strategic-partnership,Juro,Partnership,Corp Legal,,
2025,08/28/2025,"Nexis Solutions, a provider of AI analytics and decision tools, expands its licensing agreement with Dun & Bradstreet, allowing D&B’s portfolio of corporate records to be searchable and summarized using Nexis Solutions products",https://www.lexisnexis.com/community/pressroom/b/news/posts/nexis-solutions-integrates-dun-bradstreet-s-comprehensive-ai-ready-business-data-to-boost-customer-decision-making,Nexis,Product Update,Corp Legal,,
2025,03/09/2025,Sovos partners with Epicor to integrate its tax compliance platform with Epicor's Kinetic ERP,https://sovos.com/press-releases/sovos-partners-with-epicor-to-deliver-ai-powered-tax-compliance-for-manufacturing-and-distribution-companies/?_gl=1*e33rga*_up*MQ..*_ga*MTUzNjQ4NzA0NC4xNzExOTAyNjI4*_ga_E6KJ55E4Q5*czE3NTczMDYwNjkkbzI2NyRnMCR0MTc1NzMwNjA2OSRqNjAkbDAkaDE1NTg4OTE0ODk.,Sovos,Partnership,Tax Compliance,,
2025,03/09/2025,Computer Generated Solutions (CGS) integrates its BlueCherry platform for apparel and counsumer goods with Avalara’s AvaTax,https://www.cgsinc.com/en/news-events/bluecherry-and-avalara-partner-streamline-tax-compliance-fashion-brands-amid-global,Avalara,Partnership,Tax Compliance,,
2025,03/09/2025,"Sphera receives a significant growth investment from Neuberger Berman Capital Solutions, with Blackstone retaining a majority stake in the company",https://sphera.com/company/news/sphera-announces-significant-growth-investment/,Sphera,Funding,ESG,,
2025,02/09/2025,Shippeo launches its real-time transportation visibility solution as an SAP Endorsed App on SAP Store,https://www.shippeo.com/press-releases/real-time-transportation-visibility-data-as-a-service-from-shippeo---now-available-as-sap-endorsed-app-on-sap-store,Shippeo,Partnership,GTM,,
2025,03/09/2025,"Blue J and IBFD partner to launch an AI-powered platform to provide cross-border tax research capabilities across the US, Canada, and the UK",https://www.ibfd.org/news/blue-j-and-ibfd-unveil-ai-platform-instant-cross-border-tax-research,IBFD,Product Announcement,Tax Research,Gen Ai,Interantional
2025,03/09/2025,QAD and Esker partner to offer a suite of financial process optimization solutions including E-invoicing and accounts payable capabilities,https://www.businesswire.com/news/home/20250902396429/en/QAD-and-Esker-Announce-Strategic-Alliance-to-Optimize-Accounts-Payable-Processes-and-Strengthen-Digital-Transformation-Practices,Esker,Partnership,AP/AR Automation,,
2025,04/09/2025,,https://www.businesswire.com/news/home/20250904811796/en/CoreTrust-Expands-Strategic-Partnership-With-Coupa-Adding-AI-Native-Total-Spend-Management-and-Analytics-to-Transform-Procurement,Coupa,Partnership,AP/AR Automation,,
2025,04/09/2025,"Community Network Services (CNS) expands its customs management platform to the Netherlands to provide customs compliance solutions across Dutch, UK, and Irish trade",https://www.linkedin.com/posts/cns-community-network-services_cns-cnsonline-activity-7368958344889384960-hib5?utm_source=share&utm_medium=member_desktop&rcm=ACoAADq0lXQBXTqj-sy6tAYLEbCUl7FuRmFXwsw,CNS,Expansion,GTM,,Interantional
2025,03/09/2025,New Zealand Customs selects WiseTech Global to develop a digital tariff management portal and provide NZ customs free access to its BorderWise product for tariff classification,https://www.arnnet.com.au/article/4050073/wisetech-global-wins-tariff-digitisation-contract-with-nz-customs.html,WiseTech,Client Win,GTM,,Interantional
2025,09/03/2025,"Eudia, an inhouse-focused AI startup rolls out ‘Eudia Counsel’, an AI-Augmented law firm operating under Arizona’s Alternative Business Structure program",https://www.prnewswire.com/news-releases/eudia-launches-first-ai-augmented-law-firm-and-expands-access-to-justice-initiative-302544948.html,Eudia,Product Launch,Corp Legal,,
2025,09/03/2025,"Mitratech and iManage partner to launch iManage for Mitratech CaseCloud, a centralised hub for document management and document automation solution",https://mitratech.com/resource-hub/pressreleases/imanage-partnership/,Mitratech,Partnership,Corp Legal,,
2025,09/08/2025,"Deloitte Legal partners with Legora in the UK, using the platform internally for its review, research and drafting tasks, as well as helping in-house legal teams and law firms with their adoption",https://legaltechnology.com/2025/09/08/deloitte-legal-and-legora-announce-strategic-relationship-in-the-uk/,Legora,Partnership,Corp Legal,,
2025,09/03/2025,LexisNexis Risk Solutions joins Global Anti-Scam Alliance (GASA) as a foundation member,https://www.linkedin.com/posts/lexisnexis-risk-solutions_fraudprevention-scamawareness-activity-7368704313176559617-KurY?utm_source=share&utm_medium=member_desktop&rcm=ACoAACYZhlsBzOXywe8j3MCToan9FMbjNIN_7CA,LN Risk,,Corp Risk,,
2025,09/03/2025,ID.me has raised $340M in Series E round to expand access to reusable digital identity and combat AI-driven fraud,https://network.id.me/press-releases/id-me-raises-340-million-to-combat-ai-driven-fraud-and-expand-secure-digital-identity/,ID.me,Funding,Corp Risk,,
2025,09/03/2025,Equifax launches Identity proofing capabilities in its Kount 360 platform; Solution will help combat evolving fraud threats by authenticating customer-provided identities,https://investor.equifax.com/news-events/press-releases/detail/1368/equifax-launches-identity-proofing-solution-in,Equifax,Product launch,Corp Risk,,
2025,09/03/2025,Verafin partners with BioCatch to leverage its behavioral and device intelligence for combating payment fraud around the world,https://verafin.com/news/nasdaq-verafin-and-biocatch-form-strategic-partnership/,Verafin,Partnership,Corp Risk,,
2025,10/09/2025,Project44 launches a free Tariff Simulator tool on its website to calculate U.S. import duties and tariffs using HTS codes,https://www.project44.com/press-releases/project-44-launches-free-tariff-simulator-following-section-301-exclusion-expiration/,Project44,Prouct Launch,GTM,,2 International
2025,10/09/2025,Poland is transitioning from KSeF 1.0 to KSeF 2.0 e-invoicing system with the test environment shutting down in September 2025 and full nationwide implementation scheduled for February 2026,https://globaltaxnews.ey.com/news/2025-1815-poland-signs-into-law-mandatory-national-e-invoicing-system,Industry,Regulation,E-invoicing,,2 International
2025,9/13/2025,"Kinaxis partners with Workday to integrate an AI-enabled, agentic framework across Kinaxis Maestro and Workday Adaptive Planning for a unified view on supply chain, finance and workforce data",https://www.kinaxis.com/en/news/press-releases/2025/kinaxis-announces-new-partnership-workday-unite-supply-chain-finance-and,Kinaxis,Product Update,SCM,,2 International
2025,09/09/2025,"Navix.io partners with Cleo to provide freight brokers and 3PL providers with integrations to automate invoicing workflows, provide analytics, and multi-carrier support",https://www.businesswire.com/news/home/20250909309647/en/Navix.io-Partners-with-Cleo-to-Accelerate-Integration-and-Invoicing-Automation-for-3PLs-and-Freight-Brokers,Cleo,Product Update,SCM,,2 International
2025,09/09/2025,"Workiva adds agentic AI capabilities and modernized controls in its platform to assist CFO, finance, GRC, and sustainability teams",https://www.businesswire.com/news/home/20250909985184/en/Workiva-Unveils-Intelligent-Finance-GRC-and-Sustainability-to-Accelerate-AI-Transformation-for-the-Office-of-the-CFO,Workiva,Product Update,ESG,,2 International
2025,10/09/2025,ServiceNow and Socialsuite launch an integrated AI-powered solution that combines sustainability risk management and ESG reporting capabilities,https://www.esgtoday.com/servicenow-socialsuite-to-launch-new-esg-risk-management-and-reporting-solution/,Servicenow,Product Launch,ESG,,
2025,10/09/2025,,https://www.forbes.com/councils/forbestechcouncil/2025/09/08/generative-ai-and-agentic-systems-in-corporate-tax-compliance/,INFO,INFO,INFO,,
2025,09/10/2025,"Icertis launches its contract AI system, Vera that uses GenAI language understanding and its own KM store of contract types and clauses to read contracts",https://www.icertis.com/company/news/icertis-launches-vera-to-power-contract-intelligence-with-smarter-ai/,Icertis,Product Launch,Corp Legal,,
2025,09/08/2025,"ClauseBase partners with Lawvu, to integrate its drafting and reviewing tools into Lawvu's platform for in-house legal teams",https://www.clausebase.com/post/clausebase-partners-with-lawvu,ClauseBase,Partnership,Corp Legal,,
2025,09/10/2025,"International law firm, arch.law deploys client onboarding, lifecycle management and compliance platform, Legl",https://arch.law/arch-law-expands-digital-operations-with-legl/,Legl,Client Win,Corp Legal,,
2025,09/10/2025,"ALSP Lawhive acquires consultancy-model firm, Woodstock Legal Services",https://digitalisationworld.com/news/70840/lawhive-acquires-woodstock-legal,Lawhive,M&A,Corp Legal,,
2025,09/10/2025,LexisNexis True Cost of Fraud Study 2025 reports increasing fraud costs across financial services segments and nearly half the FIs hesitating to embrace automation and AI to combat financial fraud,https://risk.lexisnexis.com/about-us/press-room/press-release/20250910-fraud-multiplier,LN Risk,Report,Corp Risk,,
2025,09/09/2025,Experian launches Perpetual Monitoring solution to streamline KYC checks and help financial institutions tackle growing financial crimes,https://www.experianplc.com/newsroom/press-releases/2025/experian-launches-new-solution-to-help-banks-and-lenders-combat-,Experian,Product Launch,Corp Risk,,
2025,09/08/2025,Entrust partners with Mastercard to integrate its Identity insights capability into the Entrust IDV security platform and strengthen fraud detection in the onboarding stages,https://www.finextra.com/pressarticle/106964/entrust-and-mastercard-bring-intelligent-fraud-defence-to-account-onboarding?utm_medium=rssfinextra&utm_source=finextrafeed,Entrust,Partnership,Corp Risk,,
2025,09/09/2025,Idnow partners with Docusign to launch a joint solution for streamlining onboarding and agreement processes across regulated industries,https://www.idnow.io/pr/idnow-docusign-partner-expand-solutions-germany/,Idnow,Partnership,Corp Risk,,
2025,09/11/2025,Ripjar announces Screening Assistant agentic AI solution into its suite of screening products,https://ripjar.com/news/ripjars-screening-assistant-sets-new-standard-for-compliance-ai-agents-driving-compliance-in-addition-to-major-productivity-gains/,Ripjar,Product Launch,Corp Risk,,
2025,09/10/2025,"Hummingbird launches solutions for transaction monitoring & customer screening, and a unified platform for risk and compliance operations",https://www.finextra.com/pressarticle/107023/hummingbird-introduces-risk-and-compliance-platform?utm_medium=rssfinextra&utm_source=finextrafeed,Hummingbird,Product Launch,Corp Risk,,
2025,9/16/2025,"Sovos launches ReportMyUP, an unclaimed property management suite with core and Plus tiers that deliver NAUPA-compliant tracking, due diligence, and reporting across all U.S. jurisdictions",https://sovos.com/press-releases/sovos-launches-reportmyup-new-self-service-platform-streamlines-unclaimed-property-management-for-businesses-of-all-sizes/,Sovos,Product Launch,TIR,,
2025,9/17/2025,"Avetta announces expanded AI features in Avetta One, including supplier answer prompts, natural-language analytics search, and conversational chat support",https://www.avetta.com/blog/avetta-expands-ai-capabilities-to-accelerate-the-future-of-global-supply-chains,Avetta,Product Launch,SCM,Gen Ai,2 International
2025,9/17/2025,"Anrok has partnered with Escalon Services, a provider of outsourced back-office solutions, including finance, accounting, HR and payroll",https://www.linkedin.com/posts/anrok_scaling-companies-deserve-more-than-just-activity-7373717370735030272-BNT6?utm_source=share&utm_medium=member_desktop&rcm=ACoAADq0lXQBXTqj-sy6tAYLEbCUl7FuRmFXwsw,Anrok,Partnership,Tax Compliance,,
2025,9/15/2025,"AEB partners with SeaRates,a shipping and logistics software provider, to integrate its global customs clearance services into SeaRates' ERP solution",https://www.aeb.com/en/magazine/articles/partnership-aeb-customs-filing-services-on-searates-erp.php,AEB,Partnership,GTM,,1 International
2025,9/15/2025,"Blue Yonder enhances its Transportation Management solution with AI-powered multi-enterprise network capabilities, predictive analytics, and sustainability optimization",https://www.businesswire.com/news/home/20250918622426/en/Blue-Yonder-Elevates-Transportation-Management-Solution-With-Advanced-Cognitive-Intelligence,BlueYonder,Product launch,SCM,,2 International
2025,9/18/2025,"Numeral raises $35M in Series B funding led by Mayfield to expand its sales tax compliance platform, bringing its total funding till date to $57M",https://www.businesswire.com/news/home/20250918544776/en/Numeral-Empowers-Growing-E-Commerce-SaaS-Brands-with-Complete-End-to-End-Sales-Tax-Automation-Backed-by-%2457M-in-Funding,Numeral,Funding,Tax Compliance,,
2025,9/16/2025,"Greece mandates e-invoicing for B2B transactions starting February 2026, with large enterprises implementing first, followed by all remaining businesses in October 2026",https://www.linkedin.com/pulse/greece-e-invoicing-mandatory-b2b-electronic-invoicing-yzccf/,Industry,Regulation,E-invoicing,,1 International
2025,09/16/2025,"LexisNexis launches Protégé in CounselLink+, with matter and invoice summarization capabilities",https://www.lexisnexis.com/community/pressroom/b/news/posts/lexisnexis-announces-protege-in-counsellink-for-actionable-matter-and-invoice-insights,LexisNexis,Product Update,Corp Legal,,
2025,09/15/2025,"PandaDoc, a document automation software for SMBs and mid-market teams, builds a server on Model Context Protocol (MCP), with integration in PandaDoc Notary, and launch of flexible and free plans",https://www.pandadoc.com/press/native-mcp-release-enterprise-grade/,PandaDoc,Product Update,Corp Legal,,
2025,09/16/2025,WorkFusion raises $45M in funding to accelerate growth for agentic AI in fincrime workflows,https://www.workfusion.com/news/workfusion-raises-45-million-in-funding-to-fuel-growth-for-agentic-ai-for-financial-crime-compliance/,Workfusion,Funding,Corp Risk,,
2025,09/16/2025,Seon raises $80M in series C round; funding would help in global expansion and enhancing its AI capabilities and predictive models to spot emerging fraud patterns in real-time,https://www.biometricupdate.com/202509/seon-gets-80m-to-for-global-expansion-of-aml-fraud-prevention-platform,Seon,Funding,Corp Risk,,
2025,09/16/2025,Verisk launches Commercial GenAI Underwriting Assistant to deliver real-time risk appetite insights and accelerate underwriting risk assessments,https://www.verisk.com/company/newsroom/verisk-launches-generative-ai-commercial-underwriting-assistant-to-revolutionize-risk-assessment-and-underwriting-efficiency/,Verisk,Product launch,Corp Risk,,
2025,09/18/2025,"PrimeRevenue, a B2B payment solution provider, integrates Plaid's Identity Verification solution into its platform to strengthen IDV capabilities, minimize manual reviews and ensure compliance",https://www.finextra.com/pressarticle/107142/primerevenue-integrates-plaid-identity-verification,PrimeRevenue,Partnership,Corp Risk,,
2025,9/23/2025,Avalara launches an updated app for Stripe Billing and Checkout that integrates its tax compliance suite into Stripe's ecosystem,https://newsroom.avalara.com/2025-09-23-Avalara-Launches-Enhanced-Tax-App-for-Stripe-Billing-and-Checkout-Customers,Avalara,Partnership,Tax Compliance,,2 International
2025,9/26/2025,Kintsugi launches a new Magento Open Source integration,https://www.linkedin.com/posts/kintsugi-ai_automation-salestaxautomation-ai-activity-7376992572025540608-26ed?utm_source=share&utm_medium=member_desktop&rcm=ACoAADq0lXQBXTqj-sy6tAYLEbCUl7FuRmFXwsw,Kintsugi,Partnership,Tax Compliance,,2 International
2025,9/25/2025,,https://ledgible.io/news/ledgible-enhances-digital-asset-portfolio-solution-delivers-bridge-between-tradfi-and-digital-assets/,Ledgible,Product Enhancement,Others,,
2025,9/24/2025,Tipalti secures $200M from Hercules Capital to accelerate its agentic AI-powered finance automation and global expansion,https://tipalti.com/press/tipalti-growth-financing-ai-innovation/,Tipalti,Funding,AP/AR Automation,,2 International
2025,9/25/2025,"Project44 launches Tariff Analytics, an AI-powered solution that provides tariff visibility by linking customer product catalogs to real-time rates across all U.S. tariff types",https://www.project44.com/press-releases/project44-expands-decision-intelligence-platform-with-tariff-analytics/,Project44,Product Enhancement,GTM,Gen AI,2 International
2025,9/25/2025,"Transporeon, launches an AI-powered, modular Transport Management System (TMS) with new tools and features across planning, execution, visibility, and freight marketplace",https://www.transporeon.com/en/company/press/transporeon-launches-new-transport-planning-capabilities,Transporeon,Product Launch,TMS,,
2025,9/25/2025,"K1x launches W-2 extraction in Aggregator Plus, unifying structured and unstructured K‑1, 1099 and W-2  data along with CCH Axcess integration",https://www.businesswire.com/news/home/20250925100550/en/K1x-Expands-Aggregator-Plus-with-W-2-Data-Extraction-Delivering-a-Unified-Patented-Platform-for-K-1-1099-and-W-2-Automation,K1x,Product Launch,TIR,,
2025,9/25/2025,"BillingPlatform launches BP E-Invoice, an e‑invoicing module that automates invoice creation, delivery and tracking,and supports SAF‑T and Peppol",https://billingplatform.com/press/billingplatform-launches-bp-e-invoice,Billingplatform,Product Launch,E-invoicing,,1 International
2025,9/24/2025,Cox Enterprises and Blue Owl Capital select Harvey,https://www.harvey.ai/blog/blue-owl-partners-with-harvey,Harvey,Client Win,Corp Legal,,
2025,9/22/2025,Harvey expands its European footprint in Spain with a local sales and support team,https://www.harvey.ai/blog/harvey-expands-european-presence-with-team-in-spain,Harvey,Geographic expansion,Corp Legal,,
2025,9/24/2025,"Wilson, a UK based legal tech startup aimed at inhouse legal teams, launches its AI platform for contract work",https://www.getwilson.ai/blog/wilsonai-launches-public-access-to-revolutionary-legal-ai-platform,Wilson,Product Launch,Corp Legal,,
2025,9/22/2025,Dow Jones' newly launched Global Risk Insights solution combines Dragonfly Intelligence and Oxford Analytica to provide geopolitical and global security intelligence,https://www.dowjones.com/press-room/newly-launched-dow-jones-global-risk-insights-unifies-dragonfly-intelligence-and-oxford-analytica/,Dow Jones,Product launch,Corp Risk,,
2025,9/25/2025,Veriff's Future of Online Communities report states that fraud rates have increased 21% YoY and 90% of scams in online communities involve impersonation fraud,https://www.veriff.com/pr-news/the-future-of-online-communities-report-2025,Veriff,Report,Corp Risk,,
2025,9/23/2025,"Signicat, an identity services provider, launches ReuseID, a comprehensive digital ID solution to help organizations create, manage and reuse verified identities",https://www.signicat.com/press-releases/signicat-launches-reuseid,Signicat,Product launch,Corp Risk,,
2025,9/26/2025,"Bundesbank partners with Hawk AI to leverage its fraud detection and screening capabilities in cashless payments, sanctions violations, and terrorist financing",https://hawk.ai/news-press/bundesbank-strengthens-fraud-prevention-hawk-technology,Hawk,Client win,Corp Risk,,
2025,01/10/2025,"Sovos announces that Christiaan van der Valk, GM of Indirect TaxTech at Sovos, has been elected as the new Chairman of GENA, an international trade association for e-invoicing service providers",https://sovos.com/press-releases/sovos-christiaan-van-der-valk-named-chairman-of-gena-leading-global-e-invoicing-standards-and-collaboration/?_gl=1*8zo6d1*_up*MQ..*_ga*MTUzNjQ4NzA0NC4xNzExOTAyNjI4*_ga_E6KJ55E4Q5*czE3NTk2OTc2NzAkbzE2JGcwJHQxNzU5Njk3NjcwJGo2MCRsMCRoMTIxNzUxMjc5Mw..,Sovos,Appointment,Others,,2 International
2025,9/30/2025,"Avalara launches Agentic Tax and Compliance, a group of interoperable AI agents powered by its ALFA (Avalara LLM Framework for Agentic applications) framework",https://newsroom.avalara.com/2025-09-30-Avalara-Launches-Agentic-Tax-and-Compliance-TM-AI-Agents-That-Work-for-You,Avalara,Product Launch,Tax Compliance,,2 International
2025,03/10/2025,DualEntry raises $90M in Series A funding to develop its AI-native ERP software that claims to automate significant manual finance tasks and to deploy businesses live within 24 hours,https://www.pymnts.com/artificial-intelligence-2/2025/dualentry-raises-100-million-for-ai-native-erp-software/,Dual Entry,Funding,Others,,
2025,03/10/2025,"Coupa announces multiple updates to its Total Spend Management solution that includes Clarity 2.0 and new Navi agents to automate procurement, finance, and supply chain workflows",https://www.coupa.com/newsroom/coupas-newest-release-expands-agentic-ai-collaboration-and-orchestration-capabilities/,Coupa,Product Launch,AP/AR Automation,Gen AI,2 International
2025,03/10/2025,,https://www.wolterskluwer.com/en/solutions/compliance-intelligence?utm_medium=paid-content-syndication&utm_source=press-release&utm_campaign=compliance-intelligence-pr-10.2,,,,,
2025,03/10/2025,Kintsugi launches a new WooCommerce integration,https://www.linkedin.com/posts/kintsugi-ai_automation-salestaxautomation-ai-activity-7379530628947415040-E7ld?utm_source=share&utm_medium=member_desktop&rcm=ACoAADq0lXQBXTqj-sy6tAYLEbCUl7FuRmFXwsw,Kintsugi,Partnership,Tax Compliance,,2 International
2025,01/10/2025,"Descartes integrates CargoAi's Quote & Book API with its Global Price Management solution to provide users automated access to live rates, schedules, and capacity from over 105 airlines,",https://www.aircargonews.net/technology/cargoai-and-descartes-team-up-on-digital-bookings/1080709.article,Descartes,Partnership,SCM,,
2025,9/29/2025,"Irenic Capital, holding about 2% of Workiva, presses the company to improve profitability, overhaul governance (collapse dual-class shares, annual director elections), and explore a potential sale amid stock underperformance",https://www.marketscreener.com/news/activist-irenic-builds-stake-in-workiva-pushes-for-board-seats-ce7d5bdbdb8ff421,Workiva,Regulatory,Others,,
2025,9/29/2025,"Qount launches an AI-powered 1099 Workflow with features for mass client enrolment, synchronisation with QuickBooks Online,and OCR for W-9 forms",https://www.internationalaccountingbulletin.com/news/qount-ai-1099-workflow/?cf-view,Qount,Product Launch,TIR,,
2025,10/01/2025,"Wolters Kluwer adds a GenAI matter summarization tool to e-billing and matter management platform, TyMetrix 360°",https://www.wolterskluwer.com/en/news/wolters-kluwer-introduces-new-ai-powered-matter-summary-capabilities-to-tymetrix-360,Wolters Kluwer,Product Update,Corp Legal,,
2025,10/02/2025,Saga raises over €1.5M in Seed round to expand its multi-capability AI productivity platform,https://www.eu-startups.com/2025/10/amsterdams-saga-raises-over-e1-5-million-to-expand-its-lawyer-centric-ai-platform-across-europe-and-latin-america/,Saga,Funding,Corp Legal,,
2025,09/29/2025,"Spend management platform, Legal Decoder receives an undisclosed amount investment from Trajectory Capital Management",https://www.citybiz.co/article/751653/trajectory-capital-management-invests-in-legal-decoder-and-appoints-david-solomon-as-chief-executive-officer/?abkw=citybiznewyork,Legal Decoder,Funding,Corp Legal,,
2025,10/06/2025,OpenAI unveiles a contract review agent primarily designed for finance teams,https://www.artificiallawyer.com/2025/10/06/openai-shows-off-contract-review-agent/?jetpack_skip_subscription_popup,OpenAI,Product Update,Corp Legal,,
2025,09/30/2025,"Legartis unveiles the Contract Playbook Creator, an agentic AI solution that enables the automated creation and validation of contract playbooks",https://www.legartis.ai/blog/automated-contract-playbook-creation,Legartis,Product Update,Corp Legal,,
2025,09/30/2025,"LSEG launches World-Check on Demand solution to offer real-time access to sanctions, adverse media, PEPs, and enforcement actions data",https://www.lseg.com/en/media-centre/press-releases/2025/lseg-launches-world-check-on-demand,LSEG,Product launch,Corp Risk,,
2025,10/01/2025,"LSEG Risk Intelligence launches World-Check Verify, an AWS powered screening platform that embeds compliance into payment and onboarding workflows",https://www.lseg.com/en/media-centre/press-releases/2025/lseg-aws-introduce-world-check-verify,LSEG,Product launch,Corp Risk,,
2025,09/30/2025,"Socure launches Socure Risk Signals, providing enterprises with the company's ML models, transparency and control to build adaptive AI/ML defenses",https://www.socure.com/news-and-press/signals-launch,Socure,Product launch,Corp Risk,,
2025,10/02/2025,"Wolters Kluwer launches Compliance Intelligence to unify and streamline FI's regulatory data, delivering actionable intelligence and helping organizations manage regulatory obligations more effectively",https://www.wolterskluwer.com/en/news/wolters-kluwer-launches-compliance-intelligence,Wolters Kluwer,Product launch,Corp Risk,,
2025,10/02/2025,Feedzai announces $75M in funding to strengthen its financial crime prevention capabilities,https://www.feedzai.com/pressrelease/feedzai-to-safeguard-ecb-the-digital-euro/,Feedzai,Funding,Corp Risk,,
2025,08/10/2025,"Tax Systems acquires AI tax control center provider Loctax, further expanding in EMEA",https://www.taxsystems.com/tax-news/tax-systems-acquires-loctax-to-further-strengthen-its-position-in-the-european-tax-saas-market/,Tax systems,Acquisition,Tax Compliance,AI,1 International
2025,09/10/2025,"Avalara offers a free, U.S. B2B e‑invoicing and live reporting service via the DBNAlliance",https://newsroom.avalara.com/2025-10-08-Avalara-Powers-the-Next-Era-of-U-S-E-Invoicing-with-Innovative-New-Offering,Avalara,Product Launch,E-invoicing,,2 International
2025,08/10/2025,"Vertex launches Kintsugi powered by Vertex, an AI-native tax automation solution developed with Kintsugi to focus on compliance for SMBs",https://www.vertexinc.com/company/news/latest-news/vertex-and-kintsugi-launch-ai-powered-tax-automation-solution-kintsugi-powered-vertex,Vertex,Product Launch,Tax Compliance,,2 International
2025,08/10/2025,Rackspace Technology partners with Basware and AWS to deliver agentic and generative AI solutions,https://www.linkedin.com/posts/rackspace-technology_were-proud-to-partner-with-basware-and-amazon-activity-7381295651806011392-688S?utm_source=share&utm_medium=member_desktop&rcm=ACoAADq0lXQBXTqj-sy6tAYLEbCUl7FuRmFXwsw,Basware,Partnership,AP/AR Automation,,
2025,06/10/2025,"NetSuite expands its SuiteCloud Developer Network partner program with the SuiteApp.AI Marketplace, new AI certification badges, and development resources to help partners build and deliver AI-powered business applications faster",https://markets.ft.com/data/announce/detail?dockey=600-202510061600PR_NEWS_USPRX____SF90606-1,Oracle,Product enhancement,Others,,
2025,09/10/2025,"Avathon launches an AI-powered Global Trade Management solution that automates tariff classification, origin determination, and duty optimization for customs brokers and supply chain operators",https://www.prnewswire.com/news-releases/avathon-launches-ai-powered-classification-for-global-trade-management-302579350.html,Avathon,Product Launch,GTM,Ai,
2025,08/10/2025,Basware's Invoice Lifecycle Management goes live on SAP Store,https://www.linkedin.com/posts/basware_basware-oyj-invoice-lifecycle-management-activity-7381292655680434178-ps5p?utm_source=share&utm_medium=member_desktop&rcm=ACoAADq0lXQBXTqj-sy6tAYLEbCUl7FuRmFXwsw,Basware,Partnership,AP/AR Automation,,
2025,08/10/2025,Comarch and F.I.L.A. S.p.A. extend their partnership for electronic invoicing across multiple European markets,https://www.comarch.com/trade-and-services/data-management/news/comarch-and-fila-spa-strengthen-the-collaboration-with-the-extension-of-electronic-invoicing-at-the-european-level/,Comarch,Partnership,AP/AR Automation,,
2025,09/10/2025,"Project44 launches Multi-Agent Orchestration that coordinates specialized AI agents to sense problems, resolve data quality issues, and proactively automate supply chain workflows",https://www.project44.com/press-releases/project44-enhances-decision-intelligence-platform-with-multi-agent-orchestration/,Project 44,Product Launch,SCM,Gen Ai,
2025,08/10/2025,Deloitte Tax and Databricks expand their patnership to provide Tax data management services to tax departments,https://www.deloitte.com/us/en/about/press-room/deloitte-extends-alliance-with-databricks-to-modernize-tax-data-management.html,Deloitte,Partnership,Tax Compliance,,2 International
2025,06/10/2025,Coupa acquires Scoutbee to integrate AI-powered supplier discovery capabilities with its total spend management platform and expand its global buyer-supplier network,https://www.coupa.com/newsroom/coupa-announces-acquisition-of-ai-powered-scoutbee-to-drive-supplier-intelligence-and-discovery/,Coupa,Acquisition,AP/AR Automation,,
2025,07/10/2025,Oracle NetSuite embeds BILL's payment automation technology into its accounts payable platform,https://www.pymnts.com/partnerships/2025/oracle-netsuite-embeds-bill-powered-payment-automation-in-accounts-payable-solution/,Bill,Partnership,AP/AR Automation,,
2025,07/10/2025,"Ramp introduces new Agents for AP in Bill Pay, claims to use AI to nearly fully automate accounts payable",https://www.pymnts.com/news/artificial-intelligence/2025/ramp-adds-ai-agents-invoice-coding-approval-payment-processing/,Ramp,Product Launch,AP/AR Automation,,
2025,06/10/2025,"Ryan acquires Belgium-based European VAT Desk to expand its European VAT services and footprint, with key leaders joining the firm and a new Brussels office established",https://ryan.com/about-ryan/press-room/2025/ryan-acquires-european-vat-belgium/,Ryan,Acquisition,Tax Compliance,,1 International
2025,10/07/2025,"Contract management platform, Terzo launches its contract intelligence platform, NirvanAI","https://www.prnewswire.com/news-releases/terzo-unveils-nirvanai-a-revolutionary-platform-that-will-save-enterprises-billions-of-dollars-302575871.html#:~:text=LOS%20ANGELES%2C%20Oct.,of%20the%20company's%20existing%20platform.",Terzo,Product Launch,Corp Legal,,
2025,10/09/2025,"CLM platform Sirion launches AskSirion, a conversational contracting agent",https://www.sirion.ai/press/next-gen-agentic-clm-360-conversational-contracting/,Sirion,Product Launch,Corp Legal,,
2025,10/09/2025,"Lucy Nixon and Richard Tapp, legal sector experts with a track record in managed services, launch an ALSP, NuCas, which will leverage AI; the business is backed by Crasner Ventures",https://www.artificiallawyer.com/2025/10/09/nixon-and-tapp-launch-alsp-nucas-in-depth-interview/,NuCas,Product Launch,Corp Legal,,
2025,10/09/2025,LexisNexis Risk Solutions partners with Responsible Online Gaming Association (ROGA) to enhance data management and responsible gaming across America,https://www.biia.com/roga-taps-lexisnexis-risk-solutions-as-data-management-partner/,LexisNexis Risk,Partnership,Corp Risk,,
2025,10/10/2025,TransUnion's H2 2025 Top Fraud Trends report states that U.S. companies lost around 10% of equivalent annual revenue to fraud in 2024,https://newsroom.transunion.com/h2-2025-global-fraud-report/#,TransUnion,Report,Corp Risk,,
2025,10/06/2025,Anthropic partners with Deloitte to develop AI solutions for regulated industries,https://www.pymnts.com/artificial-intelligence-2/2025/anthropic-and-deloitte-partner-to-build-ai-solutions-for-regulated-industries/,Anthropic,Partnership,Corp Risk,,
2025,10/08/2025,"Socure launches Hosted Flows, an onboarding solution, to help risk and compliance teams create adaptive onboarding flows and optimize experiences for IDV and fraud detection",https://www.socure.com/news-and-press/hosted-flows-launch,Socure,Product launch,Corp Risk,,
2025,10/14/2025,Vertex achieves Oracle Validated Integration with Vertex Accelerator for Oracle's ERP offerings,https://www.vertexinc.com/company/news/latest-news/vertex-achieves-oracle-validated-integration-delivering-proven-repeatable-integration-oracles-erp,Vertex,Certification,Tax Compliance,,
2025,07/10/2025,,https://www.prnewswire.com/news-releases/bloomberg-tax--accounting-teams-up-with-incentify-to-redefine-how-tax-professionals-access-incentives-intelligence-302577322.html,Bloomberg Tax,Product Launch,Tax Research,,
2025,10/19/2025,"Kintsugi expands its tax compliance automation platform to support Australian GST, enabling customers to manage the country's 10% federal tax rate and BAS filings",https://www.linkedin.com/posts/kintsugi-ai_automation-salestaxautomation-ai-activity-7385328843139538944-W4kS?utm_source=share&utm_medium=member_desktop&rcm=ACoAADq0lXQBXTqj-sy6tAYLEbCUl7FuRmFXwsw,Kintsugi,Expansion,Tax Compliance,,1 International
2025,10/16/2025,"Kintsugi announces integration with Shopware, an e-commerce platform",https://www.linkedin.com/posts/kintsugi-ai_automation-salestaxautomation-ai-activity-7384241681274912769-0ScE?utm_source=share&utm_medium=member_desktop&rcm=ACoAADq0lXQBXTqj-sy6tAYLEbCUl7FuRmFXwsw,Kintsugi,Partnership,Tax Compliance,,
2025,10/15/2025,"Oracle announces a multiple AI agents to its Fusion applications including a Payables Agent that automates multi-channel invoice processing, including EDI/e-invoicing ingestion and automated tax checks",https://www.oracle.com/news/announcement/ai-world-oracle-ai-agents-help-finance-leaders-accelerate-business-insights-and-boost-efficiency-2025-10-15/,Oracle,Product Launch,E-invoicing,Agentic AI,2 International
2025,10/15/2025,,https://www.oracle.com/news/announcement/ai-world-oracle-ai-agents-help-supply-chain-leaders-boost-operational-efficiency-2025-10-15/,Oracle,Product Launch,SCM,Agentic Ai,
2025,10/16/2025,Anrok announces a new integration with Shopify,https://www.anrok.com/resources/introducing-shopify-integration,Anrok,Partnership,Tax Compliance,,
2025,10/15/2025,"Ireland's tax authority announces a three-phase plan introducing mandatory B2B e-invoicing and real-time VAT reporting from November 2028, aligning with the EU's ViDA framework ahead of the 2030 deadline",https://snitechnology.net/ireland-mandatory-b2b-e-invoicing-3-phase-plan-from-2028/,Industry,Regulation,E-invoicing,,1 International
2025,10/14/2025,"Flexport launches an AI-powered customs and tariff management suite, that includes tools like tariff simulator, automated customs analysis, and duty drawback services",https://www.businesswire.com/news/home/20251014811735/en/Flexport-Launches-Customs-Technology-Suite-to-Help-Businesses-Manage-Tariffs-and-Reduce-Costs,Flexport,Product Launch,GTM,Ai,2 International
2025,10/14/2025,"Interos.ai launches itracing, an AI-powered platform that provides product-level visibility across multi-tier supply chains to trace disruptions to specific SKUs, quantify financial impact, and generate compliance reports",https://www.businesswire.com/news/home/20251014687241/en/interos.ai-Launches-itracing-to-Deliver-Product-Level-Supply-Chain-Visibility-and-Safeguard-Operations-in-Real-Time,Interos.ai,Product Launch,SCM,AI,
2025,10/17/2025,Rillet partners with Numeral to provide sales tax calculation and filing capabilities to its customers,https://www.linkedin.com/posts/team-rillet_automated-sales-tax-ai-native-erp-today-activity-7384588966240477185-sYdw?utm_source=share&utm_medium=member_desktop&rcm=ACoAADq0lXQBXTqj-sy6tAYLEbCUl7FuRmFXwsw,Rillet,Product Launch,Tax Compliance,Ai,
2025,10/16/2025,Socure announced a partnership with Docusign to enhance its document-signing and authentication capabilities,https://www.socure.com/news-and-press/identity-certainty-to-every-signature,Socure,Partnership,Corp Risk,,
2025,10/16/2025,"GBG acquires DataTools, an address verification solution provider, to enhance its presence in Australian and NZ regions",https://www.gbg.com/en/news/gbg-acquire-datatools-pty-limited/,GBG,Acquisition,Corp Risk,,
2025,10/16/2025,"Equifax launches its Ignite AI advisor to help financial institutions  gather actionable insights, assess risks, and find growth opportunities",https://investor.equifax.com/news-events/press-releases/detail/1372/equifax-introduces-equifax-ignite-ai-advisor,Equifax,Product launch,Corp Risk,,
2025,10/14/2025,"Regula, an IDV solution provider, launches its IDV platform, an orchestration solution design to replace fragmented IDV and management systems",https://regulaforensics.com/news/regula-launches-idv-platform/,Regula,Product launch,Corp Risk,,
2025,10/17/2025,"Clio launches Clio for Enterprise, for large law firms and corporate legal departments which includes Clio Operate for large law firms, Clio Library for comprehensive legal research, AI-powered tools such as Vincent by Clio, and Clio Docket",https://www.clio.com/blog/cliocon-2025-highlights/,Clio,Product Launch,Corp Legal,,
2025,10/15/2025,"ContractPodAi launches Leah AgenticOS, an Agentic Operating System for enterprises",https://contractpodai.com/news/contractpodai-launches-leah-agentic-os/,ContractPodAi,Product Update,Corp Legal,,
2025,10/22/2025,Performant Capital announces that portfolio company BevLogic would acquire Avalara's beverage alcohol compliance technology assets (excluding AvaTax for Beverage Alcohol) to expand its regulatory compliance platform,https://wineindustryadvisor.com/2025/10/22/performant-capital-announces-acquisition-of-avalara-beverage-alcohol-compliance-solutions/,Avalara,Divestment,Others,,
2025,10/21/2025,"Vertex appoints Christopher Young, former Microsoft EVP of Business Development, as President and CEO effective November 10, 2025, succeeding retiring David DeStefano who becomes a non-executive Chairperson","https://www.vertexinc.com/company/news/latest-news/vertex-announces-ceo-retirement-and-succession-plan#:~:text=Christopher%20Young%20to%20Succeed%20David,President%20and%20Chief%20Executive%20Officer.&text=King%20of%20Prussia%2C%20PA%20%E2%80%93%20October,21%2C%202025%20%E2%80%93%20Vertex%20Inc.",Vertex,Appointment,Others,,
2025,10/17/2025,"EDICOM receives certification from the Croatian Tax Authority as an authorized e-invoicing provider, enabling it to provide real-time e-invoicing services and direct AMS registration through EDICOM's own MPS infrastructure","https://edicomgroup.com/blog/croatia-electronic-invoicing-b2b#:~:text=EDICOM%20is%20now%20officially%20certified%20by%20the,to%20operate%20as%20an%20authorized%20e-Invoicing%20provider.",Edicom,Expansion,E-invoicing,,1 International
2025,10/21/2025,"Anrok announces $55M in Series C funding led by Spark Capital, bringing total funding to over $100M",https://www.anrok.com/resources/announcing-series-c,Anrok,Funding,Tax Compliance,,1 International
2025,10/23/2025,"Sovos launches OptiTax, a use tax management solution that helps enterprises proactively optimize compliance, recover overpaid taxes, and mitigate audit risks through analytics-driven automation",https://sovos.com/press-releases/sovos-launches-optitax-solution-to-transform-use-tax-compliance-management/?_gl=1*orc707*_up*MQ..*_ga*MjEzMjEwNzA0LjE3MzQwODE5ODk.*_ga_E6KJ55E4Q5*czE3NjEyODY4NTkkbzM3JGcxJHQxNzYxMjg3MDQyJGo2MCRsMCRoMTM2NjkxOTg0Ng..,Sovos,Product launch,Tax Compliance,,
2025,10/23/2025,Comarch e-Invoicing Platform integrates with SAP solutions like SAP S/4HANA and SAP ERP to deliver global e-invoicing and e-reporting compliance,https://www.comarch.com/trade-and-services/data-management/news/comarch-is-a-partner-in-the-sap-partneredge-program/,Comarch,Partnership,E-invoicing,,
2025,10/24/2025,Kintsugi expands to New Zealand with support for New Zealand GST support,https://trykintsugi.com/blog/Kintsugi-Announces-New-Zealand-GST-Support,Kintsugi`,Expansion,Tax Compliance,,
2025,10/23/2025,Diligent and Persefoni form a strategic partnership under which Diligent transitions its carbon accounting clients to Persefoni's platform and takes an equity position in the company,https://www.esgtoday.com/diligent-persefoni-partner-on-sustainability-reporting-solutions/,Persefoni,Partnership,ESG,,
2025,10/27/2025,"Experian acquires KYC360, a KYC and KYB solution provider, to enhance its compliance and onboarding capabilities",https://www.experianplc.com/newsroom/press-releases/2025/experian-acquires-kyc360-to-boost-fraud-and-financial-crime-solu,Experian,Acquisition,Corp Risk,,
2025,10/23/2025,"Socure partners with Markaaz, a business and compliance intelligence provider, to enhance onboarding for small and medium businesses across markets",https://www.socure.com/news-and-press/socure-and-markaaz-partner-to-accelerate-global-smb-onboarding,Socure,Partnership,Corp Risk,,
2025,10/27/2025,"Jumio launches selfie.DONE, a facial biometrics solution backed by digital identity, to help users with instant recognition and identity re-verification",https://www.jumio.com/about/press-releases/selfie-done-reusable-identity/,Jumio,Product launch,Corp Risk,,
2025,10/27/2025,"ComplyAdvantage launches Mesh, an AI-native platform, to combine real-time data, risk intelligence, and agentic AI workflows into a single platform",https://complyadvantage.com/press-media/complyadvantage-launches-ai-native-platform-to-combat-surging-financial-crime/,Comply Advantage,Product launch,Corp Risk,,
2025,10/27/2025,Incode launches Agentic Identity solution to help enterprises verify and monitor autonomous AI agents in real-time,https://incode.com/blog/incode-launches-agentic-identity-announcement/,Incode,Product launch,Corp Risk,,
2025,10/21/2025,"Japan based AI contract review platform, LegalOn acquires Fides Technology, a governance AI innovator based in Germany",https://www.businesswire.com/news/home/20251021645117/en/LegalOn-Acquires-Fides-to-Streamline-Governance-for-In-House-Legal-Teams,LegalOn,M&A,Corp Legal,,
2025,10/21/2025,"Syntracts, an on-prem contract AI platform, raises $5.3M in Seed round led by Hyperplane",https://www.prnewswire.com/news-releases/syntracts-raises-5-3m-led-by-hyperplane-with-khosla-point72-ventures-and-myriad-to-scale-secure-on-prem-legal-ai-infrastructure-302589540.html,Syntracts,Funding,Corp Legal,,
2025,10/22/2025,"Workday launches a Custom AI Model Library for contract needs, powered by its Evisort acquisition","https://newsroom.workday.com/2025-10-22-Workday-Introduces-New-Custom-AI-Model-Library-to-Power-Smarter,-Faster-Contract-Reviews",Workday,Product Launch,Corp Legal,,
2025,10/21/2025,"Contracting platform, Juro announces that its customers can connect their Juro workspace and repository to ChatGPT via MCP",https://world.einnews.com/pr_news/860086846/juro-launches-first-of-its-kind-clm-integration-with-chatgpt,Juro,Product Update,Corp Legal,,
2025,10/23/2025,"Eudia acquires another ALSP, Out-House, months after the acquisition of Johnson Hana",https://www.prnewswire.com/news-releases/eudia-acquires-out-house-deepening-ai-augmented-legal-expertise-and-fortune-500-client-reach-302592501.html,Eudia,M&A,Corp Legal,,
2025,10/28/2025,"Elevate acquires fellow ALSP company, Legadex, in its fourth M&A deal since 2024",https://www.newswire.com/news/elevate-acquires-legadex-expanding-legal-innovation-footprint-in-europe-22664411,Elevate,M&A,Corp Legal,,
2025,10/26/2025,"Robin AI, a GenAI based contract review platform, lays off staff after disappointing growth",https://www.nonbillable.co.uk/news/robin-ai-job-cuts-funding-setback,Robin AI,Industry,Corp Legal,,
2025,10/28/2025,"BILL launches BILL AI, a suite of intelligent AI agents that autonomously collect and validate W-9s, reconcile receipts, accelerate user onboarding, and execute routine tasks for small and midsize businesses",https://www.businesswire.com/news/home/20251028682021/en/BILL-Launches-New-AI-Agents-to-Power-Touchless-Transactions-for-the-Fortune-5-Million,Bill,Product launch,AP/AR Automation,Gen Ai,
2025,10/28/2025,"Charted launches Touchless Invoice Processing, a new AI-powered capability that automatically creates bills from standardized invoices to eliminate manual work and claims reduce AP touchpoints by over 25%",https://www.businesswire.com/news/home/20251028304813/en/Touchless-Invoice-Processing-Redefines-Frictionless-AP-Automation,Charted,Product Launch,AP/AR Automation,AI,
2025,10/29/2025,Arch announces a 1099 integration with Schwab Advisor Services that consolidates tax documents for alternative and traditional investments on a single platform,https://www.businesswire.com/news/home/20251029475051/en/Arch-Enhances-Tax-Reporting-Solution-with-Schwab-Advisor-Services-1099-Integration,Arch,Partnership,TIR,,
2025,10/29/2025,Corcentric partners with Avalara to deliver an integrated global e-invoicing solution,https://www.corcentric.com/company/press-releases/corcentric-avalara-join-forces-on-global-invoicing-compliance/,Avalara,Partnership,E-invoicing,,1 International
2025,10/29/2025,Vertex appoints Ralf Gärtner as Senior Vice President and Regional Manager of Europe to strengthen its regional capabilities in indirect tax capabilities,https://www.vertexinc.com/company/news/latest-news/vertex-appoints-new-leader-europe-advance-product-innovation-and-strengthen-compliance,Vertex,Appointment,Tax Compliance,,1 International
2025,10/30/2025,Kintsugi announces its integration with Amazon Seller Central to automate sales tax compliance for Fulfillment by Amazon (FBA) businesses,https://www.linkedin.com/posts/kintsugi-ai_automation-salestaxautomation-ai-activity-7388952801369874433-RQ0e?utm_source=share&utm_medium=member_desktop&rcm=ACoAADq0lXQBXTqj-sy6tAYLEbCUl7FuRmFXwsw,Kintsugi,Integration,Tax Compliance,,2 International
2025,10/31/2025,"TaxBit launches a Global Digital Platform Reporting Tool assisting in compliance with international tax reporting regulations across the UK, EU, Canada, and New Zealand",https://www.businesswire.com/news/home/20251031649871/en/Taxbit-Launches-New-Tools-to-Streamline-Global-Tax-Reporting-for-the-Gig-Economy,Taxbit,Product Launch,Tax Compliance,,1 International
2025,10/31/2025,"Kintsugi expands to Mexico, providing support for Mexican VAT (IVA) compliance",https://trykintsugi.com/blog/Kintsugi-Announces-Mexico-IVA-Support,Kintsugi,Expansion,Tax Compliance,,1 International
2025,10/28/2025,GBG launches Digital ID solution to help businesses onboard easily using a wide range of private and public reusable credentials,https://www.gbg.com/en/news/gbg-trusted-digital-id-platform/,GBG,Product launch,Corp Risk,,
2025,10/28/2025,"Socure launches RiskOS AI Suite to enhance intelligence, efficiency and precision of enterprise identity, compliance, and authentication operations",https://www.socure.com/news-and-press/riskos-ai-suite-launch,Socure,Product launch,Corp Risk,,
2025,10/28/2025,"Trulioo announces enhancements to its identity platform for improved transparency, streamlined fraud defenses and streamlined experiences for businesses and users",https://www.trulioo.com/company/newsroom/press-releases/trulioo-next-generation-identity-digital-trust-lifecycle,Trulioo,Product enhancements,Corp Risk,,
2025,10/30/2025,"IDnow reports progress in reducing algorithmic bias in facial recognition systems, following its participation in the EU-funded MAMMOth (Multi-Attribute, Multimodal Bias Mitigation in AI Systems) project",https://www.idnow.io/pr/responsible-ai-bias-mitigation/,Idnow,,Corp Risk,,
2025,10/28/2025,"Robin AI seeks a rescue buyer as fundraising efforts fall short, with the company now listed on an insolvency marketplace",https://legaltechnology.com/2025/10/28/robin-ai-listed-for-distressed-sale-nine-months-after-making-the-sunday-times-100-tech-list/,Robin AI,Funding,Corp Legal,,
2025,10/30/2025,"Docusign announces that its Intelligent Agreement Management platform, will soon be available in ChatGPT through Model Context Protocol (MCP)",https://www.prnewswire.com/news-releases/docusign-brings-its-leading-contract-ai-to-chatgpt-302599381.html,Docusign,Product Update,Corp Legal,,
2025,10/28/2025,"ALSP, Tangible Intelligence launches CoIntelligent Platform, an agentic orchestration layer that works alongside human reviewers for high-volume, recurring transactions",https://www.prunderground.com/tangible-intelligence-launches-transaction-orchestration-platform-the-missing-layer-in-enterprise-tech-stack/00367092/,Tangible Intelligence,Product Launch,Corp Legal,,
2025,10/31/2025,"Marosa, a VAT return solution provider, partners with Vertex to integrate Vertex's tax determination with Marosa's VATify automation",https://www.linkedin.com/posts/marosa_vertex-marosa-taxtechnology-ugcPost-7389647906393305088-xqs2?utm_source=share&utm_medium=member_desktop&rcm=ACoAADq0lXQBXTqj-sy6tAYLEbCUl7FuRmFXwsw,Marosa,Partnership,Tax Compliance,,2 International
2025,01/11/2025,Legitify partners with Marosa to streamline VAT registration across Europe by providing online notarisation of Power of Attorney documents,https://www.legitify.eu/press/legitify-partners-with-marosa?utm_content=386332866&utm_medium=social&utm_source=linkedin&hss_channel=lcp-69937314,Marosa,Partnership,Others,,
2025,05/11/2025,"Shippeo launches Shippeo AI, an intelligent layer that transforms transportation visibility data into actionable insights through AI agents, alongside new features including eCMR compliance tools and expanded air visibility",https://www.businesswire.com/news/home/20251106263715/en/Shippeo-Launches-Shippeo-AI-Turning-Trusted-Visibility-Into-Instant-Intelligent-Action,Shippeo,Product Launch,SCM,,2 International
2025,05/11/2025,"3E extends its partnership with SAP to deliver embedded regulatory content for SAP S/4HANA for product compliance, supporting expanded commercial models and sustainability-driven innovation",https://www.businesswire.com/news/home/20251105231197/en/3E-and-SAP-Extend-Partnership-to-Deliver-Next-Generation-Product-Compliance-Solutions-for-Global-Supply-Chains,SAP,Partnership,Global Trade Intelligence,,2 International
2025,05/11/2025,Maxio and Rillet launch an early-access integration that unifies billing-to-ERP data and automates reconciliations and close,https://www.businesswire.com/news/home/20251106199411/en/Maxio-and-Rillet-Launch-AI-Powered-Finance-Integration-Now-in-Early-Access,Rillet,Partnership,Others,AI,
2025,06/11/2025,"Sovos releases its FY25 Sustainability Report, highlighting SBTi-aligned climate commitments and emissions cuts, responsible AI and major customer trust gains",https://sovos.com/press-releases/sovos-releases-fy25-sustainability-report-demonstrating-commitment-to-responsible-ai-and-science-based-climate-targets/?_gl=1*4nq3ri*_up*MQ..*_ga*MTUzNjQ4NzA0NC4xNzExOTAyNjI4*_ga_E6KJ55E4Q5*czE3NjI3NTgxNDgkbzQzJGcwJHQxNzYyNzU4MTQ4JGo2MCRsMCRoMTA4NzA3MzEyNA..,Sovos,Report,Others,,
2025,07/11/2025,Comarch receives official certification from the Croatian Tax Administration as an information intermediary authorized to provide e-invoicing and fiscalization services in Croatia,https://www.comarch.com/trade-and-services/data-management/news/comarch-recognized-as-certified-e-invoicing-provider-in-croatia/,Comarch,Expansion,E-invoicing,,1 International
2025,06/11/2025,Kintsugi launches a QuickBooks integration,https://www.linkedin.com/posts/kintsugi-ai_automation-salestaxautomation-ai-activity-7391866921358462976-AvHW?utm_source=share&utm_medium=member_desktop&rcm=ACoAADq0lXQBXTqj-sy6tAYLEbCUl7FuRmFXwsw,Kintsugi,Partnership,Tax Compliance,,
2025,06/11/2025,"AVASK announces a new Shopify API that automates real-time syncing of sales, VAT, and OSS data to streamline tax management",https://www.linkedin.com/posts/avaskgroup_shopify-vat-ecommerce-activity-7391831944872742912-IvUT?utm_source=share&utm_medium=member_desktop&rcm=ACoAADq0lXQBXTqj-sy6tAYLEbCUl7FuRmFXwsw,Avask,Partnership,Tax Compliance,,
2025,06/11/2025,"Slovenia mandates electronic invoicing for all domestic B2B transactions from January 1, 2028, requiring businesses to exchange structured e-invoices through secure digital channels",https://snitechnology.net/slovenia-e-invoicing-mandate-b2b-law-effective-2028/,Industry,Regulation,Regulations,,
2025,06/11/2025,,https://www.utilitydive.com/press-release/20251104-lucasys-releases-agentic-ai-supercharging-its-income-tax-suite/,Lucasys,Product launch,Tax Compliance,,
2025,11/07/2025,"Legora launches Legora Portal, a client collaboration workspace for law firms and in-house legal teams",https://legora.com/newsroom/portal-announcement,Legora,Product Launch,Corp Legal,,
2025,11/04/2025,"Ruli AI, a legal intelligence platform for in-house teams raises $6M in Seed led by Album VC, to expand product and go‑to‑market; this brings its total funding to $8M",https://www.ruli.ai/blog/ruli-ai-raises-6m-in-seed-funding,Ruli AI,Funding,Corp Legal,,
2025,11/03/2025,"Chamelio, a legal intelligence platform for in-house teams launches Flows, a workflow engine for automating intake and approvals",https://www.artificiallawyer.com/2025/11/03/chamelio-launches-agentic-flows-for-inhouse-teams/,Chamelio,Product Launch,Corp Legal,,
2025,11/07/2025,"Dow Jones reports Q1 2026 revenue of $586M, up 6% YoY; Risk and Compliance reports $94M in revenue, up 16% YoY, driven by new customers and products, and further adoption of screening and monitoring products",https://newscorp.com/app/uploads/2025/11/Q1-FY2026-Earnings-Release_FINAL_6-November-2025.pdf,Dow Jones,Earnings,Corp Risk,,
2025,10/30/2025,"iDenfy launches an AML screening software to help partners manage AML thresholds, sanction filters and PEP risk tiers within a single platform",https://thepaypers.com/fraud-and-fincrime/news/idenfy-launches-a-new-aml-screening-solution,iDenfy,Product launch,Corp Risk,,
2025,11/11/2025,"Avalara closes a $500M equity investment from a BlackRock-led investor group while Vista Equity Partners remains majority shareholder, with proceeds used to purchase existing shareholders' shares",https://newsroom.avalara.com/2025-11-11-Avalara-Announces-500-Million-Investment-Led-by-BlackRock,Avalara,Funding,Tax Compliance,,2 International
2025,10/11/2025,,https://net.fujitsu.fi/basware-modernizes-global-network-infrastructure-with-fujitsu-delivered-sase-solution/,Basware,Others,Others,,
2025,12/11/2025,"Exactera, a corporate tax compliance solution provider, appoints Robert Schulte as CEO to transform the company into an AI-first services provider",https://www.prweb.com/releases/exactera-appoints-saas-tax-innovator-robert-schulte-as-chief-executive-officer-302612742.html,Exactera,Appointment,Others,,
2025,12/11/2025,"Kinaxis reports Q3 2025 results with 17% SaaS revenue and ARR growth and raises full-year guidance,",https://www.kinaxis.com/en/news/press-releases/2025/kinaxis-inc-reports-third-quarter-2025-results,Kinaxis,Earnings,SCM,,
2025,11/14/2025,"Workiva and Climate & Decisions launch Data to Disclose in a Box for Australian organisations to meet mandatory climate disclosure requirements under ASRS through integrated carbon accounting, AI-powered reporting, and audit-ready workflows",https://itbrief.com.au/story/australian-firms-gain-new-tool-for-climate-reporting-compliance,Workiva,Partnership,Statutory Reporting,,1 International
2025,11/13/2025,,https://www.businesswire.com/news/home/20251113275388/en/april-Introduces-Real-Time-Tax-Calculation-Product-for-Equity-Transactions-with-Nasdaq-Private-Market,April,Others,Others,,
2025,11/13/2025,"IGEN and PDI Technologies partner to integrate IGEN's excise tax compliance platform with PDI Enterprise, to assist fuel wholesalers and distributors with multi‑jurisdiction excise tax compliance",https://igentax.com/igen-and-pdi-technologies-strategic-relationship/,IGEN,Partnership,Tax Compliance,,
2025,11/13/2025,Campfire partners with Anrok by integrating Anrok's tax compliance solution in its accounting suite,https://www.anrok.com/resources/introducing-campfire-integration,Anrok,Partnership,Tax Compliance,,
2025,11/13/2025,TransUnion launches a Credit Washing solution to combat the growing fraud of credit washing using advanced analytics and ML capabilities,https://newsroom.transunion.com/credit-washing-solution/,TransUnion,Product launch,Corp Risk,,
2025,11/13/2025,"Equifax launches an AML compliance tool to provide organizations with real-time data and monitoring capabilities against a range of sanctions, enforcements, and high-risk business lists",https://investor.equifax.com/news-events/press-releases/detail/1378/equifax-assists-regulated-businesses-with-aml-compliance,Equifax,Product launch,Corp Risk,,
2025,11/13/2025,"Trulioo launches a credit decisioning capability to help businesses with comprehensive financial, credit and risk insights through the Trulioo global identity platform",https://www.trulioo.com/company/newsroom/press-releases/trulioo-credit-decisioning-kyb-launch,Trulioo,Product launch,Corp Risk,,
2025,10/11/2025,"Docusign strengthens its IDV capabilities by integrating ID.me and Clear's biometric platforms, and meeting the higher security standard of identity assurance level 2 (IAL2)",https://www.biometricupdate.com/202511/docusign-upgrades-to-ial2-id-verification-with-id-me-clear-biometric-platforms,Docusign,Partnerships,Corp Risk,,
2025,11/12/2025,"GC AI, an in‑house legal AI platform raises $60M in Series B led by Scale Venture Partners and Northzone at a $555M valuation; this brings its total funding to $73M",https://gc.ai/blog/gc-ai-raises-60-million-series-b-to-give-every-company-a-legal-advantage,GC AI,Funding,Corp Legal,,
2025,11/12/2025,"Theo AI, a predictive litigation startup raises $3.4M in Seed round led by Run Ventures to hire talent and continue expanding its market reach to serve large law firms and corporate legal departments",https://www.prnewswire.com/news-releases/theo-ai-announces-general-counsel-advisory-board-and-new-funding-round-led-by-run-ventures-302613015.html,Theo AI,Funding,Corp Legal,,
2025,11/13/2025,"Ironclad adds Intake Agent, Redlining Agent, and Conversational Search to Jurist, their contract review AI assistant",https://ironcladapp.com/resources/articles/ai-agentic-launch,Ironclad,Product Launch,Corp Legal,,
2025,11/12/2025,Litera adds real time Kira contract review data to Litera Transact to centralize deal progress,https://www.litera.com/newslinks/real-time-contract-review-in-one-place-kira-transact,Litera,Product Update,Corp Legal,,
2025,11/13/2025,"Docusign launches Template Gallery, a free library of 40 contract templates for US users",https://www.prnewswire.com/news-releases/docusign-launches-free-templates-to-jump-start-contracts-302613947.html,Docusign,Product Launch,Corp Legal,,
2025,11/18/2025,Maxio partners with Anrok to integrate tax compliance capabilities directly into its billing platform,https://www.businesswire.com/news/home/20251118895668/en/Maxio-and-Anrok-Partner-to-Simplify-Global-Tax-Compliance-for-Modern-Finance-Teams,Anrok,Partnership,Tax Compliance,,
2025,11/18/2025,"Coupa announces a platform release featuring agentic AI agents that automate procurement tasks, claims to accelerate sourcing cycles by up to 100%, and integrate strategic category planning",https://www.coupa.com/newsroom/coupa-launches-new-ai-agents-to-accelerate-source-to-pay-roi-featuring-autonomous-sourcing-collaboration-and-orchestration/,Coupa,Product launch,SCM,Gen Ai,
2025,11/18/2025,Vertex Inc. launches its AI-powered Configuration Agent for Microsoft Dynamics 365 in Microsoft Marketplace,https://www.vertexinc.com/company/news/latest-news/vertex-configuration-agent-microsoft-dynamics-365-now-available-microsoft-marketplace,Vertex,Partnership,Tax Compliance,,
2025,11/19/2025,"Ethixbase360 and Veresure partner to deliver third-party risk management solutions that help SMEs, meet international compliance standards across supply chains",https://ethixbase360.com/ethixbase360-and-veresure-announce-strategic-partnership-to-strengthen-third-party-risk-management-and-supply-chain-integrity-amid-growing-global-compliance-demands/,Ethixbase,Partnership,SCM,,
2025,11/18/2025,"Sphere, a tax compliance automation platform, raises $21M in Series A funding led by a16z",https://techcrunch.com/2025/11/18/a16z-leads-21m-series-a-into-tax-compliance-platform-sphere/,Sphere,Funding,Tax Compliance,Gen Ai,
2025,11/19/2025,"Basware launches InvoiceAI that uses agentic AI to autonomously read, code, route, and analyze PO and non-PO invoices, turning paper/PDFs into digital data",https://www.finextra.com/pressarticle/108018/basware-ships-invoiceai,Basware,Launch,AP/AR Automation,,
2025,11/20/2025,"Tunisia's draft 2026 Finance Law proposes extending mandatory e-invoicing to service transactions effective January 1, 2026",https://snitechnology.net/tunisia-expands-e-invoicing-to-service-transactions-from-2026/,Industry,Regulation,Regulations,,
2025,11/25/2025,"Pennylane, a French accounting and e-invoicing software startup, in talks to raise $200M at a $4.3B valuation, to be led by TCV with participation from Sequoia Capital",https://www.techinasia.com/news/sequoiabacked-french-accounting-firm-pennylane-eyes-200m-funding,Pennylane,Funding,E-invoicing,,1 International
2025,11/25/2025,"Kintsugi announces integration with Bunny, a US focused  SaaS billing platform",https://www.linkedin.com/posts/kintsugi-ai_kintsugi-using-bunny-activity-7399195182518419456-rvvr?utm_source=share&utm_medium=member_desktop&rcm=ACoAADq0lXQBXTqj-sy6tAYLEbCUl7FuRmFXwsw..........................................................................................................................................................................................................................................................,Kintsugi,Partenership,Tax Compliance,,
2025,11/26/2025,"The UK Treasury confirmed a mandatory e-invoicing requirement starting April 1, 2029, likely using a 4-corner Peppol model without e-reporting obligations and potentially phasing in larger businesses first",https://www.vatcalc.com/united-kingdom/uk-2029-mandatory-b2b-e-invoicing/,Industry,Regulation,Regulations,,
2025,11/25/2025,"EY launches EY.ai Tax Labs and a Tax Agent Factory, tools that let tax teams and EY personnel jointly design, build, and deploy AI agents to assist with tax compliance",https://www.ey.com/en_gl/newsroom/2025/11/ey-unveils-suite-of-powerful-ai-capabilities-to-accelerate-tax-transformation-and-deliver-strategic-value,EY,Product Launch,Others,AI,
2025,11/18/2025,"AEB joins PAA (formerly  Pan-Asian E-Commerce Alliance), this provides the company with influence in shaping global digital trade standards, access to Asia-Pacific market insights, and opportunities to collaborate with international customs authorities",https://www.aeb.com/en/magazine/articles/aeb-joins-paa-digital-trade-alliance.php,AEB,Certification,GTM,,1 International
2025,11/25/2025,"Wolters Kluwer launches TaxWise Online powered by Expert AI, introducing automated document extraction for W2s and 1099s, AI-powered ID scanning, in-app tax guidance, and referral tools",https://www.wolterskluwer.com/en/news/wolters-kluwer-announces-taxwise-online-powered-by-expert-ai,Wolters Kluwer,Product launch,TIR,,
2025,11/29/2025,Bite Data raises $2.5M in seed funding led by Las Olas Venture Capital to scale its global trade compliance platform that automates import and export workflows,https://bitedata.io/resources/press,Bite,Funding,GTM,,1 International
2025,11/21/2025,"Norm Ai, a legal and compliance AI startup raises $50M led by Blackstone and launches Norm Law LLP to offer AI native legal services to corporate in-house legal teams; this brings its total funding to  ~$140M","Legal AI startup draws new $50 million Blackstone investment, opens law firm | Reuters",Norm AI,Funding,Corp Legal,,
2025,03/12/2025,"Supplier.io launches Rapid Registration, which automates supplier onboarding across multiple enterprise portals through a single profile, helping small and diverse suppliers gain visibility",https://www.businesswire.com/news/home/20251203755697/en/Supplier.io-Expands-SupplierOne-PLUS-With-Rapid-Registration-to-Streamline-Supplier-Onboarding-and-Boost-Visibility,Supplier.io,Product enhancement,SCM,,
2025,05/12/2025,"JAGGAER launches its 25.3 product release, introducing automation tools that accelerate sourcing cycles and strengthen supplier risk controls",https://www.businesswire.com/news/home/20251204577661/en/JAGGAER-25.3-Accelerates-Sourcing-Cycles-Strengthens-Supplier-Risk-Controls-and-Streamlines-Intake,Jagger,Product Enhancement,SCM,,
2025,03/12/2025,"Esker partners with Horvath, a transformation consultancy firm that focuses on enterprises",https://www.businesswire.com/news/home/20251203168420/en/Esker-and-Horvth-Partner-to-Help-Companies-Strengthen-Liquidity-and-Drive-Digital-Finance-Transformation,Esker,Partnership,AP/AR Automation,,
2025,05/12/2025,"Vertex, CPA.com, along with Kintsugi expand their partnership by enhancing their sales tax compliance solution for accounting firms with AI tools to assist their clients with reporting and filing",https://www.vertexinc.com/company/news/latest-news/vertex-and-cpacom-announce-ai-driven-expansion-tax-compliance-services-accounting-firms,Vertex,Partnership,Tax Compliance,,
2025,05/12/2025,Kintsugi integrates with Ordway to automate sales tax calculation and compliance for B2B and SaaS billing workflows,https://www.linkedin.com/posts/kintsugi-ai_were-excited-to-announce-that-kintsugi-integrates-activity-7402456768003637248-WBXx?utm_source=share&utm_medium=member_desktop&rcm=ACoAADq0lXQBXTqj-sy6tAYLEbCUl7FuRmFXwsw,Kintsugi,Partnership,Tax Compliance,,
2025,03/12/2025,"Belgium's B2B e-invoicing remains mandatory from January 1, 2026, but the tax authority applies a case-by-case penalty tolerance from January 1 to March 31, 2026, before full enforcement from April 1, 2026",https://www.fonoa.com/resources/blog/belgium-e-invoicing-grace-period-2026?_gl=1*ac20dd*_up*MQ..*_ga*NDY1MDA2NDQwLjE3MTA3NjAxNDg.*_ga_KB43HTLP0H*czE3NjQ5NTI1NzQkbzYkZzEkdDE3NjQ5NTI4ODEkajYwJGwwJGgw,Industry,Regulation,Regulations,,
2025,04/12/2025,"Descartes reports its Q3 FY2026 results with an overall revenue of $188M, up 11% YoY and an Adjusted EBITDA margin of 45.6% up 284 basis points YoY",https://www.descartes.com/resources/news/descartes-announces-fiscal-2026-third-quarter-financial-results,Descartes,Earnings,GTM,,
2025,04/12/2025,"Onit acquires LawBase, a government case management platform to expand its SLED (State, Local, and Education) portfolio and unify its platform",https://www.onit.com/news/onit-expands-with-acquisition-of-lawbase/,Onit,M&A,Corp Legal,,
2025,02/12/2025,"Contract intelligence platform Avokaado launches Avo, an AI playbook engine that applies company rules to contracts",https://www.artificiallawyer.com/2025/12/02/avokaado-aims-to-solve-genai-black-box-problem/,Avokaado,Product Launch,Corp Legal,,
2025,02/12/2025,CLM provider Agiloft appoints ex‑Microsoft executive Jason Barnwell as chief legal officer,https://www.agiloft.com/news/agiloft-appoints-jason-barnwell-chief-legal-officer/,Agiloft,Leadership change,Corp Legal,,
2025,03/12/2025,LexisNexis Risk Solutions announces updates to IDVerse solution to enhance verification accuracy and strengthen fraud detection capabilities,https://risk.lexisnexis.com/about-us/press-room/press-release/20251203-idverse,LexisNexis,Product enhancement,Corp Risk,,
2025,05/12/2025,"Socure acquires Qlarifi, a real-time BNPL consumer credit database, to reduce first party fraud losses to lenders and payment costs for merchants",https://www.socure.com/news-and-press/socure-acquires-qlarifi,Socure,Acquisition,Corp Risk,,
2025,02/12/2025,"Incode launches Deepsight, an advanced deepfake defense engine, to detect AI impersonation and injection attacks",https://incode.com/press/incode-launches-deepsight-the-worlds-most-accurate-deepfake-defense-3/,Incode,Product launch,Corp Risk,,
2025,05/12/2025,"Experian partners with CleverChain to offer global due diligence intelligence to businesses and streamline KYB, KYC, and AML checks",https://thepaypers.com/fraud-and-fincrime/news/experian-and-cleverchain-deliver-ai-powered-global-due-diligence,Experian,Partnership,Corp Risk,,
2025,10/12/2025,BlackLine expands its cloud platform to Saudi Arabia through a partnership with Google Cloud Platform,https://www.businesswire.com/news/home/20251209940377/en/BlackLine-Expands-in-Saudi-Arabia-to-Support-Growing-Customer-Demand,Blackline,Expansion,AP/AR Automation,,
2025,11/12/2025,"Ledgible announces capabilities that transforms raw blockchain data into standardized, reporting-ready records for global CARF and DAC8 compliance",https://ledgible.io/news/ledgible-launches-production-grade-carf-dac8-transaction-categorization-engine-for-global-digital-asset-tax-reporting/,Ledgible,Product Launch,TIR,,
2025,12/12/2025,"Yonda Tax, a London-based indirect tax automation platform, raises $15M in funding led by Kennet Partners to accelerate product innovation and global expansion",https://www.thesaasnews.com/news/yonda-tax-raises-15-million-in-funding,Yonda,Funding,Tax Compliance,,1 International
2025,12/12/2025,,https://www.cfodive.com/news/dropbox-taps-avalara-president-cfo-role/807715/,Avalara,Leadership Change,Tax Compliance,,
2025,11/12/2025,"Sovos achieves the BTP-EXT-S/4PUB certification in the SAP ecosystem, enabling organizations to use its solutions in S/4HANA Public Cloud environments with reduced costs",https://www.linkedin.com/posts/sovosturkey_sovos-olarak-sap-ekosisteminde-btp-ext-s-activity-7404530855538577408-TAyP/?originalSubdomain=tr,Sovos,Certification,Tax Compliance,,1 International
2025,11/12/2025,"Basware announces that over 85 French customer projects for the e-invoicing mandate are progressing rapidly on its Plateforme Agréée, with major companies like Lisi Aerospace, Bigard, Feu Vert, Engie, and Carglass relying on it",https://www.linkedin.com/posts/basware_basware-reaches-a-new-milestone-in-france-activity-7404090896234889217-IgVz?utm_source=share&utm_medium=member_desktop&rcm=ACoAADq0lXQBXTqj-sy6tAYLEbCUl7FuRmFXwsw,Basware,Certification,E-invoicing,,
2025,09/12/2025,"Descartes Systems Group announces a normal course issuer bid to repurchase up to 8.6 million common shares (10% of public float) on the open market between December 11, 2025 and December 10, 2026",https://finance.yahoo.com/news/descartes-announces-tsx-acceptance-normal-114500423.html,Descartes,Others,Others,,
2025,09/12/2025,Kantata partners with Avalara to integrate e-invoicing capabilities into its professional services platform,https://www.kantata.com/blog/article/kantata-partners-with-avalara-to-deliver-integrated-e-invoicing-solution,Avalara,Partnership,E-invoicing,,1 International
2025,12/12/2025,OwnerRez partners with Avalara MyLodgeTax to integrate lodging tax compliancecapabilities in its platform,https://www.avalara.com/mylodgetax/en/blog/2025/12/avalara-mylodgetax-and-ownerrez-partner-to-simplify-lodging-tax-compliance.html,Avalara,Partnership,Tax Compliance,,
2025,10/12/2025,LexisNexis rolls out Protégé General AI with unified answers across sources and agentic model choice in US & Canada,https://www.lexisnexis.com/community/pressroom/b/news/posts/lexisnexis-unveils-next-generation-protege-general-ai-the-most-integrated-legal-ai-workflow-solution,LexisNexis,Product Update,Corp Legal,,
2025,09/12/2025,Harvey partners with Harbor Global to deliver implementation services for law firms and corporate legal departments adopting generative AI,https://www.harvey.ai/blog/harvey-and-harbor-expand-partnership,Harvey,Partnership,Corp Legal,,
2025,08/12/2025,"Harvey integrates with NetDocuments to let users access and use DMS files in Harvey, now in early access",https://www.harvey.ai/blog/harvey-netdocuments-integration,Harvey,Partnership,Corp Legal,,
2025,08/12/2025,"Agiloft launches Obligation Management, a tool to extract and track contract obligations",https://www.agiloft.com/news/agiloft-enterprise-grade-obligation-management-ai-native-era-of-contract-lifecycle-management/,Agiloft,Product Launch,Corp Legal,,
2025,11/12/2025,"Dentons partners with OpenAI to give UK, Ireland and Middle East staff ChatGPT Enterprise and early access to new models",https://legaltechnology.com/2025/12/11/dentons-enters-partnership-with-openai-insights-from-data-science-lead-bugra-ozer/,OpenAI,Partnership,Corp Legal,,
2025,09/12/2025,"TransUnion launches enhancements to its Device Risk Solution to improve device recognition, anomaly detection and adaptive learning capabilities",https://newsroom.transunion.com/transunion-unveils-enhancements-to-next-generation-device-risk-solution--to-combat-rising-fraud-losses/,TransUnion,Product Update,Corp Risk,,
2025,09/12/2025,"Socure launches Local Graph solution within RiskOS to help businesses track risk signals and catch complex fraud patterns in a connected, time-aware framework",https://www.socure.com/news-and-press/socure-launches-local-graph-in-riskos,Socure,Product launch,Corp Risk,,
2025,12/22/2025,"Avetta partners with BG Road Safety to launch a new road transportation safety assessment module in the AI-powered Avetta One platform that helps organizations evaluate, benchmark, and improve suppliers' road transport risk and safety performance",https://www.avetta.com/blog/avetta-announces-strategic-partnership-to-revolutionize-transportation-safety-across-global-supply-chains,Avetta,Partnership,SCM,,
2026,07/01/2026,Bengaluru-based FinTech SaaS company Prosperr.io raises $4M in seed funding led by Jungle Ventures to expand its AI-driven tax management platform for individuals and enterprises in India,https://ibsintelligence.com/ibsi-news/prosperr-io-raises-4m-to-scale-ai-tax-platform/,Prosperr,Funding,Tax Compliance,,
2026,06/01/2026,"Armanino a  business consulting firm acquires Sales Tax Defense, a specialized sales and use tax firm, to expand its multi-state tax compliance and audit defense capabilities",https://www.businesswire.com/news/home/20260106006933/en/Armanino-Expands-Sales-Use-Tax-Expertise-with-Addition-of-New-York-based-Sales-Tax-Defense,Armanino,Acquisition,Tax Compliance,,2 International
2026,06/01/2026,Charted an accounts payable automation provider launches its UK office to expand its services across the UK and EMEA region,https://www.businesswire.com/news/home/20260106606056/en/Charted-Launches-UK-Presence-to-Deliver-ERP-Native-AP-Automation-Across-EMEA,Charted,Expansion,AP/AR Automation,,2 International
2025,12/16/2025,"Sovos announces SAP certification and SAP Store listings for multiple products in its Indirect Tax Suite, and claims to have the world's first BTP-EXT-S/4PUB certified solution using SAP BTP ABAP for Turkish e-invoicing compliance",https://sovos.com/press-releases/sovos-expands-indirect-tax-footprint-with-new-sap-certified-solutions-for-global-compliance/?_gl=1*exgcmd*_up*MQ..*_ga*MTUzNjQ4NzA0NC4xNzExOTAyNjI4*_ga_E6KJ55E4Q5*czE3NjgyMDc2NzckbzY0JGcwJHQxNzY4MjA3Njc3JGo2MCRsMCRoNjIxNzgwMzY.,Sovos,Partnership,Tax Compliance,,
2025,12/15/2025,Kintsugi with the assistance of Vertex announces its integration for NetSuite,https://trykintsugi.com/blog/kintsugi-powered-by-vertex-for-netsuite,Kintsugi,Partnership,Tax Compliance,,
2026,05/01/2026,Kintsugi claims to have grown its revenue by 800% in 2025 and reaching a customer milestone of 4500,https://www.linkedin.com/posts/pujun_2025-was-a-phenomenal-year-at-kintsugi-activity-7412287059320553472-vot8?utm_source=share&utm_medium=member_desktop&rcm=ACoAADq0lXQBXTqj-sy6tAYLEbCUl7FuRmFXwsw,Kintsugi,Others,Tax Compliance,,
2025,12/17/2025,Basware acquires Australian accounts payable automation provider Redmap to provide invoice lifecycle management solutions to middle market and enterprise companies across the APAC region,https://news.basware.com/en/baswares-acquisition-of-redmap-signals-a-new-era-for-ap-in-australia,Basware,Acquisition,AP/AR Automation,,
2025,12/17/2025,"Taxdoo, a German VAT compliance service provider, announces it will terminate all VAT related services by April 30, 2026",https://1stopvat.com/germany-taxdoo-vat-compliance-service-provider-ends-its-services/,Taxdoo,Discontinue,Tax Compliance,,
2026,06/01/2026,"Hg acquires OneStream for $6.4 billion at $24 per share, with General Atlantic and Tidemark as minority investors. The deal is expected to close in the first half of 2026",https://investor.onestream.com/news-releases/news-release-details/onestream-enters-definitive-agreement-be-acquired-hg-64-0,Onestream,Acquisition,Direct Tax,,
2025,12/12/2025,"EDICOM receives official accreditation as an Approved Platform in France, enabling it to process B2B e-invoices and submit transaction data to the French tax authorities' central hub",https://edicomgroup.com/blog/status-of-b2b-electronic-invoicing-in-france,Edicom,Certification,E-invoicing,,
2025,12/21/2025,LexisNexis Risk Solutions agrees to pay $13.5M to resolve the FCRA violations class actions lawsuit,https://openclassactions.com/settlements/lexisnexis-deceased-reports-class-action-settlement.php,LexisNexis Risk Solutions,,Corp Risk,,
2026,05/01/2026,TransUnion appoints Francesca Noli as Executive Vice President of Global Consumer Solutions,https://newsroom.transunion.com/transunion-appoints-francesca-noli-executive-vice-president-of-global-consumer-solutions/,TransUnion,Executive appointment,Corp Risk,,
2025,12/16/2025,ComplyAdvantage partners with Sutherland to launch an AI-native FinCrime solution for banks and fintech platforms,https://complyadvantage.com/press-media/sutherland-and-complyadvantage-partnership/,ComplyAdvantage,Partnership,Corp Risk,,
2025,12/23/2025,"iDenfy launches an automated IDV app for Shopify to trigger checks on medium/high-risk orders and reduce chargebacks, fraud without disrupting legitimate transactions",https://thepaypers.com/fraud-and-fincrime/news/idenfy-launches-fraud-triggered-id-verification-app-on-shopify,iDenfy,Product launch,Corp Risk,,
2026,08/01/2026,"Contract management vendor, Sirion announces definitive agreement for majority investment by Haveli Investments to support growth",https://www.sirion.ai/press/haveli-majority-investment-to-support-sirion-growth/,Sirion,M&A,Corp Legal,,
2026,12/17/2025,"LawVu acquires ClauseBase, a contract drafting and automation tool, and launches LawVu Draft for contract drafting and LawVu Lens for contract analytics",https://lawvu.com/news/lawvu-acquires-clausebase/,Lawvu,M&A,Corp Legal,,
2025,12/22/2025,"Filevine acquires Pincites, an AI contract redlining tool to expand into corporate and transactional law, add Word native redlining and streghtnen AI",https://www.lawnext.com/2025/12/exclusive-filevine-acquires-pincites-ai-powered-contract-redlining-company-strengthening-its-positioning-for-corporate-legal-and-enhancing-its-ai.html,Filevine,M&A,Corp Legal,,
2026,05/01/2026,"In‑house legal intelligence platform, Chamelio joins AWS Marketplace for direct procurement",https://www.artificiallawyer.com/2026/01/05/chamelio-joins-deloitte-pwc-luminance-on-aws-marketplace/,Chamelio,Product Update,Corp Legal,,
2026,05/01/2026,"ContractPodAi rebrands as Leah, adopting the name of its agentic AI platform",https://legaltechnology.com/2026/01/05/contractpodai-rebrands-as-leah/,ContractPodAi,Rebranding,Corp Legal,,
2026,1/13/2026,"Emburse launches Invoice Tax Validation, an AI-powered capability that assists in validation of invoices against local tax and technical requirements, automating AP operations and compliance with CTC regulations",https://www.businesswire.com/news/home/20260113388774/en/Emburse-Launches-Invoice-Tax-Validation-To-Help-Global-Businesses-Comply-With-Growing-Wave-of-E-Invoice-Regulation,Emburse,Product Launch,E-invoicing,,1 International
2026,1/13/2026,"Ecosio expands to Mexico, with a production ready platform",https://www.linkedin.com/posts/ecosiohq_mexico-here-we-come-were-happy-to-activity-7416429296526954496-iAKs?utm_source=share&utm_medium=member_desktop&rcm=ACoAADq0lXQBXTqj-sy6tAYLEbCUl7FuRmFXwsw,Ecosio,Expansion,E-invoicing,,
2026,1/14/2026,"Neuberger Berman Capital Solutions acquires a  minority stake in Ryan, LLC, joining existing investors Onex Partners and Ares Private Equity",https://www.01net.it/ryan-announces-minority-investment-from-neuberger-berman-capital-solutions/,Ryan,Funding,Tax Compliance,,1 international
2026,1/16/2026,"Malaysia postpones mandatory e-invoicing for Rm1M - Rm5M businesses to January 2027 with an extended penalty-free period, raises the exemption threshold to Rm1M to remove smaller businesses from scope, and expands consolidated e-invoicing to retail and building materials sectors",https://www.fiscal-requirements.com/news/4986,Industry,Regulation,E-invoicing,,2 International
2026,12/01/2026,"The Philippines extends its electronic invoicing compliance deadline for large taxpayers and e-commerce companies from March 2026 to December 31, 2026",https://edicomgroup.com/blog/philippines-step-towards-mandatory-electronic-invoice,Industry,Regulation,E-invoicing,,2 International
2026,1/14/2026,"North Macedonia launches the pilot testing phase of its e-Faktura centralized electronic invoicing system, with full implementation expected by the end of Q2 2026",https://snitechnology.net/north-macedonia-launches-pilot-phase-of-e-faktura-e-invoicing-system/,Industry,Regulation,E-invoicing,,2 International
2026,1/13/2026,LSEG launches Trade Surveillance to assist market participants identify and investigate potential market abuse and financial crime with greater operational and cost efficiency.,https://www.lseg.com/en/media-centre/press-releases/2026/lseg-launches-trade-surveillance,LSEG,Product launch,Corp Risk,,
2026,1/14/2026,"TransUnion partners with Actable, a predictive intelligence provider, to reduce false positives and enhance model fit for AI-driven marketing predictions",https://newsroom.transunion.com/transunion-and-actable-prove-ai-success-starts-with-data-partnership-delivers-10-lift-in-predictive-modeling/,TransUnion,Partnership,Corp Risk,,
2026,1/15/2026,"Feedzai partners with Matrix USA, a advisory and technology service provider, to bring modern technology to FIs and help them fight fraud and money laundering",https://www.feedzai.com/pressrelease/feedzai-matrix-usa-financial-crime-partnership/,Feedzai,Partnership,Corp Risk,,
2026,12/01/2026,Riskified introduces Dynamic Returns for Policy Protect feature to help merchants combat return and refund abuse,https://www.riskified.com/press/riskified-analysis-reveals-1-in-4-refund-dollars-is-abusive-introduces-dynamic-returns-a-new-policy-protect-feature-to-safeguard-revenue-while-increasing-customer-satisfaction/,Riskified,Product launch,Corp Risk,,
2026,01/13/2026,DocuSign adds AI assisted agreement summaries and natural language Q&A to eSignature,https://www.docusign.com/blog/ai-assisted-agreement-summaries-Q-A,Docusign,Product Launch,Corp Legal,,
2026,01/13/2026,"Crosby launches Client Console, a collaborative portal for in-house teams to orchestrate contract workflows and track negotiations",https://www.artificiallawyer.com/2026/01/13/crosby-launches-client-console-for-collaborative-workflows/,Crosby,Product Launch,Corp Legal,,
2026,01/12/2026,"Clio launches Vincent Studio, an AI workflow builder for law firms and enterprise legal teams",https://www.clio.com/about/press/clio-introduces-vincent-studio/,Clio,Product Launch,Corp Legal,,
2026,01/13/2026,"Legal workflow platform, Tonkean launches Contracts Hub, an AI driven solution for procurement and legal teams to manage post-signature obligations",https://www.law.com/legaltechnews/2026/01/13/tonkean-launches-agentic-contract-platform/,Tonkean,Product Launch,Corp Legal,,
2026,1/21/2026,Avetta and Graphite Connect partner to assist supplier onboarding with continuous risk management through synchronized data across enterprise systems,https://www.avetta.com/blog/avetta-and-graphite-connect-partner-to-deliver-fast-fraud-proof-vendor-onboarding-and-data-integration,Avetta,Partnership,SCM,,
2026,1/20/2026,Flexport launches a free Tariff Refund Calculator for U.S. importers to estimate potential duty refunds as they await a Supreme Court ruling on IEEPA tariffs,https://www.businesswire.com/news/home/20260120812295/en/Flexport-Launches-Tariff-Refund-Calculator-Giving-Businesses-Early-Insight-Into-Possible-Tariff-Refunds,Flexport,Product Launch,GTM,,
2026,1/21/2026,"Pennylane, a French accounting and e-invoicing platform provider, raises $205 million in a TCV-led round at a $4.25 billion valuation to accelerate AI development and European expansion",https://thenextweb.com/news/french-fintech-pennylane-raises-e175m,Pennylane,Funding,E-invoicing,,1 International
2026,1/26/2026,"KwickPOS integrates with DAVO by Avalara, offering automated sales tax management for $58/month per location",https://www.einpresswire.com/article/884653302/kwickpos-partners-with-davo-by-avalara-to-automate-sales-tax-management-for-businesses-of-all-sizes,Avalara,Partnership,Tax Compliance,,
2026,1/23/2026,"Italy has strengthened VAT enforcement for omitted annual VAT returns by enabling automated calculations using data already transmitted through the e-invoicing and digital VAT reporting ecosystem, with taxpayers receiving formal notice and a 60-day response period before collection proceedings begin",https://www.pagero.com/compliance/regulatory-updates/italy#D3j1DnpqS9KDV7khVoMsYw,Industry,Regulation,Regulations,,
2026,1/23/2026,"Poland's Tax Authority has scheduled a technical break for KSeF 1.0 from January 26-31, 2026, to transition to KSeF 2.0, which goes live February 1, 2026",https://www.pagero.com/compliance/regulatory-updates/poland#OjUyL38fQ6Kcj5IPMjKPPQ,Industry,Regulation,Regulations,,
2026,1/20/2026,LSEG Risk Intelligence launches new Sanctioned Securities Data file dataset to help FIs identify and manage securities associated with sanctioned entities,https://www.lseg.com/en/media-centre/press-releases/2026/lseg-risk-intelligence-reveals-new-sanctioned-securities-data-file,LSEG,Product launch,Corp Risk,,
2026,1/23/2026,"Equifax launches Synthetic Identity Risk, a fraud detection solution, to help businesses identify and prevent synthetic ID fraud",https://investor.equifax.com/news-events/press-releases/detail/1387/equifax-introduces-enhanced-synthetic-identity-fraud,Equifax,Product launch,Corp Risk,,
2026,1/14/2026,"Hawk announces Analytics Studio, an AI lifecycle management solution, to help FI's with control over the AI models designed to combat AML, screening and fraud prevention",https://hawk.ai/news-press/hawk-unveils-analytics-studio-enabling-financial-institutions-optimize-ai-model,Hawk,Product launch,Corp Risk,,
2026,1/19/2026,"Jumio partners with WINBET, an online gaming platform, to tackle multi-account fraud and enhance onboarding process",https://www.jumio.com/about/press-releases/jumio-partners-with-winbet/,Jumio,Partnership,Corp Risk,,
2026,01/21/2026,"LexisNexis launches Protégé AI workflows in US Commercial Preview, an AI workspace for pre-built and custom legal workflows",https://www.lexisnexis.com/community/pressroom/b/news/posts/lexisnexis-unveils-global-launch-of-protege-ai-workflows-for-legal-professionals,LexisNexis,Product Launch,Corp Legal,,
2026,01/20/2026,"Contract management platform, Ivo raises $55M in Series B led by Blackbird, to deepen its platform and expand internationally",https://www.ivo.ai/blog/ivo-raises-55m-to-bring-ai-contract-intelligence-to-every-in-house-legal-team,Ivo,Funding,Corp Legal,,
2026,01/27/2026,"CLM platform, SpotDraft raises $8M in Series B extension led by Qualcomm Ventures, to scale on-device contract AI; this brings its total funding to ~$92M",https://www.morningstar.com/news/business-wire/20260126696119/spotdraft-secures-8m-from-qualcomm-ventures-pioneering-on-device-ai-for-enterprise-legal,SpotDraft,Funding,Corp Legal,,
2026,01/26/2026,"IP platform, Tradespace raises $15M in Series A led by AVP, to scale its AI platform for in-house patent work",https://www.prnewswire.com/news-releases/tradespace-raises-15m-series-a-to-fix-the-economics-of-ip-law-302670062.html,Tradespace,Funding,Corp Legal,,
2026,01/21/2026,Harvey acqui-hires Hexus team to accelerate support for in-house legal workflows,https://www.harvey.ai/blog/hexus-joins-harvey,Harvey,M&A,Corp Legal,,
2026,1/27/2026,Avalara signs a multi-year agreement with AWS to offer its tax compliance software through AWS Marketplace with simplified billing and procurement.,https://newsroom.avalara.com/2026-01-27-Avalara-Signs-Strategic-Collaboration-Agreement-with-AWS-to-Drive-Growth-in-Agentic-Tax-and-Compliance,Avalara,Partnership,Tax Compliance,,
2026,1/28/2026,Workiva appoints former Cisco CFO Scott Herren and former Workday executive Mark Peek as independent directors to its board,https://newsroom.workiva.com/press-releases/workiva-announces-two-new-appointments-board-directors,Workiva,Appointment,Statutory Reporting,,
2026,1/30/2026,"Kintsugi partners with DualEntry, a digital accounting provider",https://www.linkedin.com/posts/kintsugi-ai_big-news-kintsugi-is-partnering-with-dualentry-activity-7422321368119164930-uQXC?utm_source=share&utm_medium=member_desktop&rcm=ACoAADq0lXQBXTqj-sy6tAYLEbCUl7FuRmFXwsw,Kintsugi,Partnership,Tax Compliance,,
2026,02/01/2026,"HMRC announces guidance for tax-software developers using generative AI, requiring  AI features to be transparent, based on authoritative legal and HMRC sources and subject to human review",https://www.vatcalc.com/united-kingdom/uk-hmrc-guidance-generative-ai-in-tax-software/,Industry,Regulation,Regulation,,
2026,1/28/2026,BigBear.ai's UAE business partners with Maqta Technologies (AD Ports Group) to co-develop and deliver AI tools for customs and border operations to governments and port operators worldwide,https://www.businesswire.com/news/home/20260128897116/en/BigBear.ai-and-AD-Ports-Group-Announce-Strategic-Partnership-Exploring-Development-of-Next-Generation-AI-Customs-Management-Systems-for-Ports-and-Borders,Bigbear.ai,Partnership,GTM,,
2026,1/26/2026,Belgium's authorities implement a three-month tolerance period through March 2026 where no penalties apply for B2B e-invoicing breaches if businesses demonstrate reasonable compliance efforts,https://innovatetax.com/blog/3-countries-offering-grace-periods/,Industry,Regulation,Regulation,,
2026,1/29/2026,"LexisNexis Risk Solution launches IDVerse for Insurance to help businesses with IDV automation, deepfake detection, and biometric authentication capabilities within their insurance workflows",https://risk.lexisnexis.com/about-us/press-room/press-release/20260129-idverse-insurance,LexisNexis,Product launch,Corp Risk,,
2026,1/27/2026,"NICE Actimize launches Insights Network, an intelligence network, to help FIs enhance AML investigations, and combat Authorized Push Payment (APP) and Business Email Compromise (BEC) scams",https://www.niceactimize.com/press-releases/nice-actimize-unveils-insights-network-the-unified-force,NICE Actimize,Product launch,Corp Risk,,
2026,1/29/2026,"Sumsub launches AI Agent Verification, a verification network, that connects AI agents to real human identity within Sumsub's Know Your Agent (KYA) network",https://sumsub.com/newsroom/sumsubs-ai-agent-verification-introduces-agent-to-human-binding-to-establish-human-accountability-in-ai/,Sumsub,Product launch,Corp Risk,,
2026,1/21/2026,"Sardine launches Job Application Fraud Detection solution to bring real-time identity, device, and location intelligence capabilities into the hiring process and prevent instances of stolen identities and location spoofing",https://www.sardine.ai/blog/job-application-fraud-detection,Sardine,Product launch,Corp Risk,,
2026,04/01/2026,"TaxBandits integrates its tax compliance API into MassPay's platform to automate 1099/1042 form filing, W-8/W-9 collection, and IRS TIN verification for businesses paying contractors",https://www.businesswire.com/news/home/20260204134361/en/MassPay-Partners-with-TaxBandits-to-Deliver-Enterprise-Grade-Tax-Compliance,TaxBandits,Partnership,TIR,,
2026,03/01/2026,xSuite Group renews its Clean Core certification and receives GROW with SAP certification for its invoice automation software,https://www.xsuite.com/en/about-xsuite/whats-happening-at-xsuite/news-detail/more-sap-btp-certifications-for-xsuite-invoice/,xSuite,Certification,AP/AR Automation,,
2026,06/01/2026,"Corcentric, a procurement sofware, integrates Unite's European supplier network into its procurement platform to give customers access to vetted suppliers",https://www.corcentric.com/company/press-releases/corcentric-expands-procurement-ecosystem-with-unite/,Corcentric,Partnership,SCM,,
2026,07/01/2026,Ecosio is now an official Peppol Access Point in New Zealand,https://www.linkedin.com/posts/ecosiohq_einvoicing-peppol-einvoice-activity-7425492926472032256-gqa5?utm_source=share&utm_medium=member_desktop&rcm=ACoAADq0lXQBXTqj-sy6tAYLEbCUl7FuRmFXwsw,Vertex,Expansion,E-invoicing,,1 International
2026,03/01/2026,Basware appoints Kira Mondrus as its Chief Marketing Officer,https://news.basware.com/en/basware-appoints-new-chief-marketing-officer,Basware,Appointment,E-invoicing,,
2026,09/01/2026,Avalara appoints Dulles Krishnan as General Manager for India Operations and regional go-to-market lead,"https://newsroom.avalara.com/2026-02-09-Avalara-Appoints-Dulles-Krishnan-as-General-Manager,-India-Operations",Avalara,Appointment,Tax Compliance,,1 International
2026,05/01/2026,Alphatax launches a cloud-based version of its corporate tax software,https://www.taxsystems.com/tax-news/alphatax-cloud-welcome-to-the-future-of-corporate-tax/,Tax Systems,Expansion,Direct Tax,,1 International
2026,04/02/2026,"Equifax reports FY25 revenue of $6.07B, up 7% YoY, driven by strong performance in U.S. Mortgage and Workforce Solutions segments, and new product innovation",https://investor.equifax.com/news-events/press-releases/detail/1391/equifax-delivers-fourth-quarter-2025-revenue-growth-of-9,Equifax,Earnings,Corp Risk,,
2026,05/02/2026,"Dow Jones reports Q2 2026 earnings of $648M, up 8% YoY, driven by Risk & Compliance business, higher circulation, subacription revenues",https://newscorp.com/wp-content/uploads/2026/02/Q2-FY2026-Earnings-Release_FINAL_5-February-2026.pdf,Dow Jones,Earnings,Corp Risk,,
2026,06/02/2026,"UIPath, an agentic automation company, acquires Workfusion to strengthen its agentic AI solution portfolio for financial services and banking industries",https://www.uipath.com/newsroom/uipath-acquires-workfusion-strengthening-agentic-solutions-for-financial-services,UIPath,Acquisition,Corp Risk,,
2026,05/02/2026,"Veriff acquires Vespia, a KYB technology provider, to expand beyond the IDV space and move towards becoming a trust platform",https://www.veriff.com/pr-news/kyb-business-verification,Veriff,Acquisition,Corp Risk,,
2026,05/02/2026,"Bolt, a checkout, identity, and payments provider, partners with Socure to strengthen its IDV capabilities, and reduce false positives",https://www.socure.com/news-and-press/bolt-partners-with-socure-to-supercharge-bolt-id,Socure,Partnership,Corp Risk,,
2026,02/03/2026,"Anthropic launches Legal plugin for Claude Cowork, an in-house tool for contract review, NDA triage, and compliance workflows",https://claude.com/plugins/legal,Anthropic,Product Launch,Corp Legal,,
2026,02/06/2026,"AI legal platform, Clearnote opens public access to its contract platform for the entertainment industry, targeting attorneys, creators, managers, and small firms",https://businessnewsthisweek.com/legal/after-a-successful-private-beta-ai-legal-platform-clearnote-opens-public-access/,Clearnote,Product Launch,Corp Legal,,
2026,02/03/2026,"CLM platform, Sirion partners with Stella Legal to accelerate adoption of agentic AI CLM",https://www.sirion.ai/press/stella-legal-sirion-partner-agentic-ai-contract-lifecycle-management/,Sirion,Partnership,Corp Legal,,
2026,02/05/2026,"Contract management platform, Pramata launches Claude MCP integration for Anthropic's Cowork Legal plugin, an add-on that brings commercial relationship context to contract review and drafting",https://www.pramata.com/blog/claude-cowork-legal-plugin-contract-management/,Pramata,Product Update,Corp Legal,,
2026,02/04/2026,"Bahrain based telecom provider, Kalaam Telecom Group selects Luminance for contract management",https://www.luminance.com/press/kalaam-selects-luminances-legal-grade-ai-to-transform-its-contracting-functionality/,Luminance,Client Win,Corp Legal,,
2026,11/02/2026,Vertex reports Q4 2025 revenues of $194.7 million (up 9.1% year-over-year) and full-year revenues of $748.4 million (up 12.2%),https://www.vertexinc.com/company/news/latest-news/vertex-announces-fourth-quarter-and-full-year-2025-financial-results,Vertex,Earnings,Tax Compliance,,
2026,10/02/2026,"Anrok expands its tax compliance platform with native global capabilities for sales tax, VAT, GST automation and e-invoicing support and adds new integrations with Zuora and WooCommerce",https://www.businesswire.com/news/home/20260210327077/en/Anrok-Sets-New-Standard-for-Global-Tax-Compliance-With-Native-Platform-and-New-Integrations,Anrok,Partnership,Tax Compliance,,
2026,2/15/2026,"Marmin, a UAE fintech platform, receives pre-approved Accredited Service Provider status under the UAE Ministry of Finance and Federal Tax Authority e‑Invoicing framework",https://www.zawya.com/en/press-release/companies-news/marmin-uae-achieves-moffta-pre-approval-supporting-the-uaes-mandatory-e-invoicing-rollout-f8hd599o,Marmin,Certification,E-invoicing,,1 International
2026,09/02/2026,"Romania extends the mandatory RO e-Factura compliance deadline for SMEs with annual turnover below EUR 500,000 to July 1, 2026",https://www.pagero.com/compliance/regulatory-updates/romania#WYnhOiIhQYmDdsCWHFhmmQ,Industry,Regualtion,E-invoicing,,
2026,06/02/2026,"France's 2026 Finance Bill establishes a central invoice routing directory, renames approved platforms to ""Plateforme Agréée,"" refines payment reporting rules, and increases e-invoicing penalties to EUR 50 per invoice with a EUR 15,000 annual cap",https://www.pagero.com/compliance/regulatory-updates/france#JLdtytdSQOCMgmSVQIxK9g,Industry,Regualtion,E-invoicing,,
2026,09/02/2026,"Descartes demonstrates AI-powered logistics tools at Manifest 2026 that automate trade compliance screening, document processing, shipment tracking, and delivery operations",https://www.descartes.com/resources/news/descartes-showcases-ai-innovations-help-improve-supply-chain-and-logistics-operations,Descartes,Product Launch,GTM,,
2026,02/10/2026,"Contract AI vendor, LegalOn launches five AI agents, an automation suite for in-house legal tasks",https://www.legalontech.com/press-releases/legalon-launches-five-ai-agents-driving-step-change-productivity-for-in-house-legal-teams,LegalOn,Product Launch,Corp Legal,,
2026,02/11/2026,"Global food and biotech group, Ajinomoto Europe selects Luminance to streamline contract review and strengthen governance across EMEA",https://www.luminance.com/press/ajinomoto-europe-selects-luminances-legal-grade-ai-to-strengthen-governance/,Luminance,Client Win,Corp Legal,,
2026,12/02/2026,"RELX Risk reports FY25 revenue of $4.7B, up 8% YoY; growth driven by Business Services' financial crime compliance, fraud & identity solutions, and strong new sales performance",https://www.relx.com/media/press-releases/year-2026/relx-2025-results,RELX,Earnings,Corp Risk,,
2026,12/02/2026,"TransUnion reports FY25 revenue of $4.57B, up 9% YoY; growth driven by U.S. markets, particularly in Financial services and Emerging verticals segments",https://newsroom.transunion.com/transunion-announces-strong-fourth-quarter-and-full-year-2025-result/,TransUnion,Earnings,Corp Risk,,
2026,12/02/2026,"Feedzai partners with Neterium, a screening solutions provider, to create a comprehensive screening and AML solution and build on its real-time financial crime prevention capabilities",https://www.feedzai.com/pressrelease/feedzai-neterium-aml-screening/,Feedzai,Partnership,Corp Risk,,
2026,09/02/2026,"Entrust partners with Google to help organizations enhance their IDV and AI-enabled security capabilities, and strengthen their defenses against sophisticated fraud techniques",https://www.entrust.com/company/newsroom/google-and-entrust-announce-partnership,Entrust,Partnership,Corp Risk,,
2026,2/16/2026,"Idenfy launches AI enhancements to its business verification platform, helping businesses automate key stages of their KYB workflows",https://www.biia.com/idenfy-unveils-ai-driven-kyb-enhancements-to-streamline-business-verification/,Idenfy,Product enhancement,Corp Risk,,
2026,09/02/2026,Ripjar appoints Matt Mills as CEO,https://ripjar.com/news/ripjar-appoints-matt-mills-as-ceo/,Ripjar,Executive appointment,Corp Risk,,
2026,2/21/2026,"Workiva reports an FY2025 revenue of $885M, 97% gross/113% net retention, larger ACV customers rising, and share repurchases expanded, and guides to about $1.04B 2026 revenue with ~15% non‑GAAP operating margin and ~19% free cash flow margin",https://investor.workiva.com/news-releases/news-release-details/workiva-announces-fourth-quarter-and-full-year-2025-financial,Workiva,Earnings,Statutory Reporting,,
2026,2/20/2026,"Nauta launches its Tariff Recovery Module, enabling shippers to automatically calculate tariff exposure and generate broker-ready data packages",https://www.businesswire.com/news/home/20260220119758/en/Nauta-Launches-Tariff-Recovery-Module-to-Help-Shippers-Calculate-Exposure-and-Accelerate-Refund-Claims,Nauta,Product Launch,GTM,,
2026,2/23/2026,"Kintsugi Integrates with Orb, a billing platform",https://www.linkedin.com/posts/kintsugi-ai_big-news-for-orb-customers-kintsugi-now-activity-7431370973385478144-DzTf?utm_source=share&utm_medium=member_desktop&rcm=ACoAADq0lXQBXTqj-sy6tAYLEbCUl7FuRmFXwsw,Kintsugi,Partnership,Tax Compliance,,
2026,2/18/2026,Banqup partners with Visa to embed Visa Direct and Visa Commercial Solutions into its e‑invoicing platform to assist European SMEs,https://www.banqup.com/resources/news/banqup-and-visa-enter-strategic-partnership-to-deliver-integrated-e-invoicing-and-e-payment-solutions,Bankup,Partnership,E-invoicing,,
2026,2/19/2026,"EY India launches its AI-enabled tax technology suite that includes tools like Global Trade Automation, AI Tax Hub and Accounts Payable Automation within its India Tax Platform",https://www.bignewsnetwork.com/news/278875979/ey-india-launches-ai-enabled-tax-enterprise-tax-solutions,EY,Product Launch,Tax Compliance,,
2026,2/18/2026,"Denmark updates SAF-T to version 2.0, requiring registered digital bookkeeping systems to support enhanced transaction-level reporting and data sharing from January 1, 2027",https://www.pagero.com/compliance/regulatory-updates/denmark#DfVRO648QqWeyJQO4uVcqw,Industry,Regualtion,E-invoicing,,
2026,2/20/2026,"Onshore raises a $31M Series B led by FPV Ventures to scale its AI-native corporate tax automation platform dealing with R&D tax credit claims, 179D deductions, and cost segregation benefits",http://techinasia.com/news/y-combinator-joins-31m-series-b-for-ai-corporate-tax-startup,Ofshore,Funding,Others,,
2026,2/19/2026,LexisNexis Risk launches identity management platform to help healthcare organizations manage patient and member identities across the entire healthcare journey,https://risk.lexisnexis.com/about-us/press-room/press-release/20260219-idm-platform-for-healthcare,LexisNexis,Product launch,Corp Risk,,
2026,2/18/2026,Veriff integrates DataZoo's data coverage capabilities to check real-time information from authoritative global sources for fraud prevention and regulatory compliance.,https://www.biometricupdate.com/202602/veriff-boosts-kyc-fraud-prevention-capabilities-with-data-zoo-integration,Veriff,Partnership,Corp Risk,,
2026,2/17/2026,"Sumsub launches 'Summy', a compliance AI copilot, to help fraud teams with faster and explainable decisions, and streamline financial crime investigations",https://sumsub.com/newsroom/sumsub-debuts-ai-copilot-to-transform-compliance-workflows-and-fraud-investigations/,Sumsub,Product launch,Corp Risk,,
2026,2/18/2026,"Sardine partners with Gr4vy, a payment orchestration platform, to help Gr4vy merchants with fraud detection, transaction monitoring and compliance capabilities",https://thepaypers.com/fraud-and-fincrime/news/gr4vy-integrates-sardine-to-embed-fraud-prevention-in-payments,Sardine,Partnership,Corp Risk,,
2026,2/20/2026,"Encompass launches EC Review, a KYC management service designed to help banks identify and address compliance gaps within existing client records.",https://thepaypers.com/fraud-and-fincrime/news/encompass-launches-ec-review-for-kyc-record-management,Encompass,Product launch,Corp Risk,,
2026,02/17/2026,"Managed services group, Opensity Solutions launches following the combination of K2 Services, Epiq GBTS and Forrest Solutions to deliver tech‑enabled legal, financial and professional services",https://opensitysolutions.com/opensity-solutions-launches/,Opensity Solutions,Product Launch,Corp Legal,,
2026,02/19/2026,"Wolters Kluwer launches Legisway Advisor, a GenAI contract redrafting capability for corporate legal teams",https://www.wolterskluwer.com/en/news/wolters-kluwer-introduces-legisway-advisor,Wolters Kluwer,Product Launch,Corp Legal,,
2026,02/18/2026,"Contract management platform, SimpleDocs launches Contract Intelligence Layer to combine market norms, past deals, and playbook",https://simpledocs.com/blog/introducing-the-contract-intelligence-layer,SimpleDocs,Product Launch,Corp Legal,,
2026,02/19/2026,"Standard contracts company, Bonterms launches a DocuSign IAM extension app to connect guided negotiation with signing and Navigator, DocuSign's central hub for agreements",https://www.artificiallawyer.com/2026/02/19/bonterms-launches-docusign-iam-extension-app/,Bonterms,Product Launch,Corp Legal,,
2026,02/18/2026,"Stella Legal partners with Ironclad, pairing Stella Legal’s contract consulting expertise with Ironclad’s AI‑driven CLM platform to improve automation, data, and workflows",https://pr.comtex.com/2026/02/18/473750771/,Ironclad,Partnership,Corp Legal,,
2026,02/16/2026,"South African law firm, Webber Wentzel launches technology subsidiary Fusion to deliver applied AI and vendor programs across Africa; they also partner with Luminance to expand enterprise contract AI adoption",https://www.webberwentzel.com/News/Pages/webber-wentzel-launches-technology-subsidiary-fusion.aspx,Luminance,Product Launch,Corp Legal,,
2026,02/16/2026,"Contract drafting software company, Definely appoints former Meta director John Connolly as Chief Product Officer",https://www.definely.com/newsroom/meta-director-joins-definely-as-chief-product-officer,Definely,Leadership change,Corp Legal,,
2026,2/23/2026,"Avalara announces AvaTax's availability on the Microsoft Marketplace, enabling Azure customers to discover, deploy, and integrate AvaTax",https://newsroom.avalara.com/2026-02-23-Avalara-AvaTax-Now-Available-in-the-Microsoft-Marketplace,Avalara,Expansion,Tax Compliance,,
2026,2/24/2026,"Sovos partners with Label to offer an integrated CARF, 1099-DA, FATCA, and CRS tax compliance reporting solution ahead of the 2027 deadline",https://sovos.com/press-releases/sovos-and-label-announce-partnership/?_gl=1*hj7x4r*_up*MQ..*_ga*MTUzNjQ4NzA0NC4xNzExOTAyNjI4*_ga_E6KJ55E4Q5*czE3NzI0NDEwODYkbzgyJGcwJHQxNzcyNDQxMDg2JGo2MCRsMCRoMTIyNzI1MTU1Ng..,Sovos,Partnership,TIR,,
2026,2/24/2026,"Sovos launches Mirror Visibility in Portugal, integrated with Sovos Intelligence assistin companies to compare their own records with tax-authority data to flag discrepancies",https://grandeconsumo.com/sovos-lanca-mirror-visibility-para-detetar-divergencias-fiscais-em-tempo-real/,Sovos,Expansion,Tax Compliance,,1 International
2026,2/24/2026,"Basware announces new AI agents, an AP Business Agent and an AP Data Agent, embedded in its Invoice Lifecycle Management Platform assisting in context guidance and quering invoice data",https://news.basware.com/en/basware-reveals-future-of-intelligent-finance,Basware,Product Enhancement,AP/AR Automation,Gen AI,1 International
2026,2/26/2026,"Flexport launches a fleet of AI agents, powered by its Flexport Atlas, assisting in audit customs filings, tariff refunds automation, container optimization, and real-time translation",https://www.businesswire.com/news/home/20260226536552/en/Flexport-Launches-Technology-to-Automate-Tariff-Refunds,Flexport,Product Launch,GTM,Gen AI,
2026,2/26/2026,"Cass Information Systems and Caspian partner to deliver an integrated, AI-driven tariff cost management solution that pairs Cass's payment/audit/reporting platform with Caspian's AI-driven HTS classification modeling, tariff audits, refund discovery, and end-to-end post-entry support",https://www.businesswire.com/news/home/20260226554201/en/Cass-Information-Systems-and-Caspian-Partner-to-Deliver-Comprehensive-Tariff-Cost-Management-Solution,Caspian,Partnership,GTM,,
2026,2/25/2026,Avalara appoints Amy Walker as Executive Vice President and Chief Sales Officer,"https://newsroom.avalara.com/2026-02-25-Avalara-Names-Amy-Walker-EVP,-Chief-Sales-Officer",Avalara,Appointment,Tax Compliance,,
2026,2/27/2026,Kintsugi expands its compliance capability to cover Singapore GST,https://www.linkedin.com/posts/kintsugi-ai_vat-singapore-globalexpansion-activity-7432430433868480512-Dc5X?utm_source=share&utm_medium=member_desktop&rcm=ACoAADq0lXQBXTqj-sy6tAYLEbCUl7FuRmFXwsw,Kintsugi,Expansion,Tax Compliance,,
2026,2/24/2026,"Ecosio announces expansion of its e-invoicing solution in Greece, offering B2G, B2B, and B2C/myDATA compliance ahead of the country's phased 2026 mandatory B2B e-invoicing rollout",https://www.linkedin.com/posts/ecosiohq_ready-for-greeces-next-e-invoicing-move-activity-7431668052724805632-NW_l?utm_source=share&utm_medium=member_desktop&rcm=ACoAADq0lXQBXTqj-sy6tAYLEbCUl7FuRmFXwsw,Vertex,Expansion,E-invoicing,,1 International
2026,3/23/2026,"Ecosio partners with Greenfield, integrating ecosio's managed service infrastructure into the greenvoice package as a validation partner for EN 16931-compliant e-invoice verification",https://www.linkedin.com/posts/ecosiohq_erechnung-einvoicing-compliance-activity-7430581842778468352-wcD6?utm_source=share&utm_medium=member_desktop&rcm=ACoAADq0lXQBXTqj-sy6tAYLEbCUl7FuRmFXwsw,Vertex,Partnership,E-invoicing,,1 International
2026,2/26/2026,Singapore mandates phased mandatory InvoiceNow e‑invoicing for all GST‑registered businesses—extending from new voluntary registrants to universal adoption from 1 April 2028 through 1 April 2031 based on annual supplies,https://www.fonoa.com/resources/blog/singapore-gst-einvoicing-invoicenow?_gl=1*1m8dl8k*_up*MQ..*_ga*NDY1MDA2NDQwLjE3MTA3NjAxNDg.*_ga_KB43HTLP0H*czE3NzI0NDIxNDQkbzE1JGcxJHQxNzcyNDQyNTcxJGo1MCRsMCRoMCRkOS1NTGlaRlRYMjZtWFRzaWotMWZjYVhLZkZSYUlpbmxvdw..,Industry,Regualtion,Regulation,,1 International
2026,02/24/2026,"LexisNexis launches Lexis+ with Protégé for conversational research, drafting, and citation-validated automation",https://www.lexisnexis.com/community/pressroom/b/news/posts/general-availability-of-lexis-with-protege-sets-new-standard-for-automating-legal-work-with-easy-to-use-authoritative-ai-workflows,LexisNexis,Product Launch,Corp Legal,,
2026,02/24/2026,LexisNexis integrates Anthropic Cowork Legal plugin into Lexis+ with Protégé,https://www.lexisnexis.com/community/pressroom/b/news/posts/lexisnexis-enhances-lexis-with-protege-platform-by-integrating-anthropic-cowork-legal-plugin,LexisNexis,Product Update,Corp Legal,,
2026,02/26/2026,"Legora adds MCP support with secure file transfer to connect DMS, e-signature, CRM, and internal systems",https://legora.com/blog/connect-your-legal-stack-to-legora-with-mcp#top,Legora,Product Update,Corp Legal,,
2026,02/25/2026,"NetDocuments adds seven AI-assisted apps to ndMAX Studio to extend workflows across judge analytics, contract playbooks, startup formations, patent prosecution, and document profiling",https://www.britishlegalitforum.com/news/netdocuments-adds-seven-new-ai-powered-apps-to-ndmax-studio-2/,NetDocuments,Product Update,Corp Legal,,
2026,02/05/2026,"SMB focused legal AI platform, Inhouse raises $5M in Seed funding led by Run Ventures and Royal Street Ventures to expand AI agents across contract, compliance, and risk workflows",https://www.law.com/legaltechnews/2026/02/25/direct-to-business-legal-ai-startup-inhouse-announces-5m-in-seed-funding/?slreturn=20260301033938,Inhouse,Funding,Corp Legal,,
2026,02/25/2026,"Contract intelligence platform, Draftwise launches Playbook Studio, an automated playbook generator that builds firm‑specific guidance from prior contracts and deal history",https://www.draftwise.com/blog/introducing-playbook-studio,Draftwise,Product Launch,Corp Legal,,
2026,02/26/2026,"In-house legal AI platform Wordsmith partners with ALSP Cognia Law to embed Wordsmith for AI-assisted contracting, governance, and compliance",https://www.wordsmith.ai/blog/wordsmith-cognia-law,Wordsmith,Partnership,Corp Legal,,
2026,02/12/2026,"Contract management platform, Ironclad surpasses $200M in ARR and appoints senior leaders to drive AI growth",https://www.prnewswire.com/news-releases/ironclad-surpasses-200-million-in-annual-recurring-revenue-entering-a-new-phase-of-ai-growth-302686054.html?tc=eml_cleartime,Ironclad,Reporting,Corp Legal,,
2026,2/26/2026,"LSEG Risk Intelligence reports FY25 revenue of $782M, up ~7%; growth was driven demand for World-Check, strong divisional performance, and demand for AI-driven data",https://www.lseg.com/en/media-centre/press-releases/2026/london-stock-exchange-group-plc-preliminary-results-for-the-year-ended-31-december-2025,LSEG,Earnings,Corp Risk,,
2026,2/26/2026,Equifax appoints David Smith as President of U.S. Information Solutions,https://investor.equifax.com/news-events/press-releases/detail/1396/equifax-names-david-smith-president-of-u-s-information,Equifax,Executive appointment,Corp Risk,,
2026,2/24/2026,"Socure announces the international expansion of its Bank Account Verification capabilities, covering 30+ countries outside the US and Canada",https://www.socure.com/news-and-press/fraud-aware-global-bank-account-verification,Socure,,Corp Risk,,
2026,2/23/2026,"Equifax announces the acquisition of AtData, a data and intelligence company, to strengthen its identity and fraud capabilities",https://www.experianplc.com/newsroom/press-releases/2026/experian-fortifies-identity-and-fraud-capabilities-with-acquisit,Equifax,Acquisition,Corp Risk,,
2026,2/25/2026,Veriff launches enhancements to its Marketplace solution to strengthen platform trust and address security challenges of digital ecosystems,https://www.veriff.com/pr-news/veriff-for-marketplaces,Veriff,Product enhancements,Corp Risk,,
2026,03/03/2026,Sovos announces its availability on Coupa's marketplace with a certiied connector,https://sovos.com/press-releases/sovos-tax-determination-coupa-app-marketplace/?_gl=1*19c7dgm*_up*MQ..*_ga*MTUzNjQ4NzA0NC4xNzExOTAyNjI4*_ga_E6KJ55E4Q5*czE3NzI2MTQ3MzIkbzg1JGcwJHQxNzcyNjE0NzMyJGo2MCRsMCRoNTMyNDI3OTI4,Sovos,Partnership,Tax Compliance,,
2026,03/03/2026,Kintsugi announces integrations with Rillet (AI-native ERP) and Maxio (billing platform),https://www.linkedin.com/posts/kintsugi-ai_revenue-in-nexus-detected-rillet-is-your-activity-7434704244923981824-h60L?utm_source=share&utm_medium=member_desktop&rcm=ACoAADq0lXQBXTqj-sy6tAYLEbCUl7FuRmFXwsw,Kintsugi,Partnership,Tax Compliance,,
2026,04/03/2026,Ryan acquires New York City–based Hucke and Associates to expand its property tax expertise,https://www.businesswire.com/news/home/20260304422754/en/Ryan-Expands-Property-Tax-Services-with-Acquisition-of-Hucke-and-Associates,Ryan,Acquisition,Others,,
2026,02/03/2026,"BILL partners with Rillet introducing a two-way integration that syncs payments, AP, spend, and accounting data",https://www.businesswire.com/news/home/20260302023240/en/BILL-and-Rillet-Partner-to-Power-Real-Time-AI-Native-Finance-Workflows,Rillet,Partnership,Others,,
2026,04/03/2026,"Descartes launches MacroPoint OpsForce, a suite of AI agents on its Global Logistics Network for freight visibility workflows that includes driver engagement, exception management, and proof-of-delivery capture",https://www.descartes.com/resources/news/descartes-expands-ai-innovation-global-logistics-network-ai-agents-freight-visibility,Descartes,Product launch,SCM,,
2026,03/03/2026,Kintsugi announces support for Norway VAT,https://www.linkedin.com/posts/kintsugi-ai_vat-norway-globalexpansion-activity-7434236084630495232-Pc4E?utm_source=share&utm_medium=member_desktop&rcm=ACoAADq0lXQBXTqj-sy6tAYLEbCUl7FuRmFXwsw,Kintsugi,Expansion,Tax Compliance,,1 International
2026,03/03/2026,Kintsugi announces integrations with Rillet (AI-native ERP) and Maxio (billing platform),https://www.linkedin.com/posts/kintsugi-ai_maxio-revenue-zero-tax-chaos-if-you-run-activity-7434341868597018624-qhv-?utm_source=share&utm_medium=member_desktop&rcm=ACoAADq0lXQBXTqj-sy6tAYLEbCUl7FuRmFXwsw,Kintsugi,Partnership,Tax Compliance,,
2026,05/03/2026,Cygnet announces its IMDA accredition for Singapore e-invoicing for B2B and B2G e-invoices,https://www.globenewswire.com/news-release/2026/03/05/3250034/0/en/Cygnet-One-emerges-as-a-globally-accredited-e-Invoicing-Platform-trusted-across-14-countries-aligned-with-IMDA-Singapore-Compliance-Mandates.html,Cygnet,Certification,Tax Compliance,,
2026,03/05/2026,"Contract intelligence provider, Pramata launches AI TrueCheck, a validation layer giving legal teams real-time accuracy scores and audit trails",https://www.morningstar.com/news/business-wire/20260305530094/pramata-launches-ai-truecheck-giving-legal-teams-full-insight-into-contract-data-accuracy,Pramata,Product Launch,Corp Legal,,
2026,03/02/2026,"Contract management platform, Monjur launches Monjur Pilot, an AI-based legal assistant for Managed Service Providers with built-in attorney supervision",https://www.morningstar.com/news/business-wire/20260302486503/monjur-launches-monjur-pilot-a-new-ai-powered-legal-assistant-for-managed-service-providers-with-built-in-attorney-supervision,Monjur,Product Launch,Corp Legal,,
2026,03/02/2026,Chamelio partners with UpLevel Ops to offer a forward‑deployed model for in‑house contract lifecycle transformation,https://www.artificiallawyer.com/2026/03/02/chamelio-uplevel-ops-offer-forward-deployed-model/,Chamelio,Partnership,Corp Legal,,
2026,03/03/2026,"Legal ops platform, Sandstone partners with LegalEng Consulting Group, a boutique CLM firm to help in-house legal deploy AI across intake, triage, redlining, and drafting",https://sandstone.com/blog/sandstone-and-legaleng-consulting-group-announce-strategic-partnership,Sandstone,Partnership,Corp Legal,,
2026,03/05/2026,"Contract intelligence platform, Ivo opens London and New York offices to support Fortune 500 adoption as ARR grows 6x",https://markets.businessinsider.com/news/stocks/ivo-expands-to-london-and-new-york-as-revenue-grows-6x-and-fortune-500-adoption-surges-1035900386,Ivo,Geographic expansion,Corp Legal,,
2026,03/03/2026,Luminance appoints Daniel Head as President to accelerate go-to-market and international growth,https://www.luminance.com/press/luminance-appoints-daniel-head-as-president-to-accelerate-global-growth/,Luminance,Leadership change,Corp Legal,,
2026,05/03/2025,LexisNexis Risk Solutions expands its integration with the Epic platform by adding new identity verification solutions,https://risk.lexisnexis.com/about-us/press-room/press-release/20260305-epic,LexisNexis,Product enhancements,Corp Risk,,
2026,04/03/2026,"Idemia Public Security partners with Proof to enable verifiable digital credentials to address payment fraud, KYC and financial crime use cases",https://www.biometricupdate.com/202603/idemia-public-security-proof-partner-on-single-portable-digital-credential,Idemia Public Security,Partnership,Corp Risk,,
2026,05/03/2026,TransUnion announces its AI Analytics Orchestrator Agent to enhance credit analytics and expand on new transactional opportunities,https://newsroom.transunion.com/transunion-advances-ai-driven-credit-intelligence-with-google-cloud/,TransUnion,Product enhancements,Corp Risk,,
2026,06/03/2026,Novobanco selects Feedzai to modernize its fraud and Anti-Money Laundering (AML) functions,https://www.feedzai.com/pressrelease/novobanco-modernizes-fraud-aml-with-feedzai-ai/,Feedzai,Client win,Corp Risk,,
2026,04/03/2026,"Checkr IDV, in partnership with Socure, launched a biometric IDV system to help employers confirm candidate identities during the hiring process",https://www.biometricupdate.com/202603/checkr-idv-launches-with-socure-biometrics-to-counter-hiring-fraud,Checkr IDV,Partnership,Corp Risk,,
2026,03/03/2025,"Riskified announces the expansion of its AI Agent Intelligence platform to enhance and secure AI agent interactions, and protect businesses from fraud and abuse",https://www.riskified.com/press/riskified-expansion-ai-agent-intelligence-to-secure-native-merchant-ai-shopping-assistants/,Riskified,Product enhancements,Corp Risk,,
2026,12/03/2026,"UiPath and Deloitte expand their alliance with the launch of Deloitte's Agentic ERP offering, which uses UiPath Maestro™ and AI agents",https://www.businesswire.com/news/home/20260312760074/en/UiPath-Expands-Strategic-Alliance-with-Deloitte-to-Launch-Agentic-ERP,Deloitte,Partnership,Others,Gen AI,
2026,12/03/2026,"Descartes reports strong FY26 results with revenues up 12% to $729 million, net income up 14% to $163.8 million, and Adjusted EBITDA up 16% to $329.5 million, driven by 15% growth in services revenues",https://www.descartes.com/resources/news/descartes-announces-fiscal-2026-fourth-quarter-and-annual-financial-results,Descartes,Earnings,GTM,,
2026,12/03/2026,Kintsugi expands to Argentina,https://www.linkedin.com/posts/kintsugi-ai_vat-argentina-latam-activity-7437516448924667906-83tA?utm_source=share&utm_medium=member_desktop&rcm=ACoAADq0lXQBXTqj-sy6tAYLEbCUl7FuRmFXwsw,Kintsugi,Expansion,Tax Compliance,,1 International
2026,10/03/2026,Ledgible partners with Label to help digital asset businesses turn blockchain transaction data into compliant CARF and DAC8 reports,https://ledgible.io/news/ledgible-and-label-partner-to-streamline-digital-asset-tax-information-carf-dac8-reporting-and-compliance/,Ledgible,Partnership,TIR,,
2026,11/03/2026,"Ecosio partners with Akquinet to combine Microsoft Dynamics 365 F&O and Infor Cloud Suite expertise with its e-invoicing capabilities, aiming to deliver faster ERP integrations",https://www.linkedin.com/posts/ecosiohq_akquinet-ecosio-erpintegration-activity-7437136031910522880-ekDw?utm_source=share&utm_medium=member_desktop&rcm=ACoAADq0lXQBXTqj-sy6tAYLEbCUl7FuRmFXwsw,Vertex,Partnership,E-invoicing,,
2026,09/03/2026,"Workiva unveils its next-gen AI-powered GRC platform, unifying audit, risk, and controls with real-time data automation",https://newsroom.workiva.com/press-releases/data-silos-executive-clarity-workiva-reimagines-grc-ai-powered-platform-audit-risk,Workiva,Product Launch,Others,,
2026,12/03/2026,"Aibidia's TP Aurora, a transfer pricing and tax research platform, integrates IBFD's Bulletin for International Taxation into its content library",https://www.ibfd.org/news/whats-new-latest-tp-aurora-release,IBFD,product Enhancement,Tax Research,,
2026,11/03/2026,"PayQuicker launches a 1099 tax reporting solution powered by Avalara that automates W-9 collection, real-time TIN matching, along with federal and state filing",https://finance.yahoo.com/news/payquicker-launches-1099-solution-powered-130000327.html?guccounter=1&guce_referrer=aHR0cHM6Ly9zdGF0aWNzLnRlYW1zLmNkbi5vZmZpY2UubmV0Lw&guce_referrer_sig=AQAAAMZ_5aXPJ73RC7DGJsmD8grW5alu4MmSDPSoHMHm0B9EQRfhmlYGkeidhgcrESP6ZtOYP8Tk13hUmcTNBqM1A99CpLZsWvudAjmZwPD1UK5cMk4u-yY-BwgNfK4K37qpZleV5TzYIhveEGj4jqGlbajTqR8bCh-eHkBVLd7mmT2r,PayQuicker,Product Launch,TIR,,
2026,10/03/2026,"Outpost raises $17.5 million in Series A funding to expand its AI-powered payments, tax, customs and compliance infrastructure for cross-border commerce.",https://pulse2.com/outpost-17-5-million-raised-for-cross-border-commerce-infrastructure-platform/,Outpost,Funding,GTM,,
2026,12/03/2026,Link4 acquires Unifiedpost Pte Ltd. to strengthen its e-invoicing presence in Singapore and expand its regional footprint across Asia-Pacific,https://www.ft.lk/business/Link4-acquires-Unifiedpost-to-strengthen-Asia-Pacific-e-invoicing-leadership/34-789445#,Link4,Acquisition,E-invoicing,,1 International
2026,03/11/2026,Luminance adds institutional memory and enterprise‑wide access to its autonomous contract negotiation tool,https://www.luminance.com/news/,Luminance,Product Update,Corp Legal,,
2026,3/13/2026,"Socure introduces Socure Launch, a solution that provides startups with instant access to identity and fraud solutions",https://www.biometricupdate.com/202603/socure-unveils-socure-launch-for-enterprise-grade-identity-aimed-at-startups,Socure,Product launch,Corp Risk,,
2026,11/03/2026,"BioCatch launches DeviceIQ, a new device identification software, to help FIs evaluate risk signals in digital banking",https://www.biometricupdate.com/202603/biocatch-targets-ai-driven-banking-fraud-at-the-device-level-with-deviceiq,BioCatch,Product launch,Corp Risk,,
2026,3/16/2026,Wolters Kluwer and CPA Canada expand their collaboration to give CPA Canada members subscription-based integrated access to CCH AnswerConnect's tax research  capabilities,https://www.wolterskluwer.com/en/news/wolters-kluwer-teams-up-with-cpa-canada-to-provide-its-members-with-access-to-tax-research,Wolters Kluwer,Product Enhancement,Tax Research,,1 Interantional
2026,3/16/2026,Vertex announces availability of its O Series Tax Engine and Indirect Tax Accelerator for Oracle ERP on Oracle's Marketplace and deployable on Oracle Cloud Infrastructure,https://www.vertexinc.com/company/news/latest-news/vertex-now-available-oracle-marketplace,Vertex,Partnership,Tax Compliance,,
2026,3/16/2026,"SAP becomes the first major ERP provider pre-approved by the UAE Ministry of Finance for its national e-invoicing framework, ahead of mandatory compliance beginning in 2027",https://dayofdubai.com/news/sap-becomes-first-leading-erp-provider-pre-approved-for-uae-national-e-invoicing-framework,SAP,Expansion,E-invoicing,,1 International
2026,3/18/2026,Kintsugi announces integration with Sage and expansion of its capabilities to comply with Indian GST,https://www.linkedin.com/posts/kintsugi-ai_still-reconciling-tax-in-spreadsheets-if-activity-7439617794821988352-CkUs?utm_source=share&utm_medium=member_desktop&rcm=ACoAADq0lXQBXTqj-sy6tAYLEbCUl7FuRmFXwsw,Kintsugi,Partnership,Tax Compliance,,
2026,3/22/2026,Kintsugi announces integration with Sage and expansion of its capabilities to comply with Indian GST,https://www.linkedin.com/posts/kintsugi-ai_gst-india-globalexpansion-activity-7441126487618953217-fPVo?utm_source=share&utm_medium=member_desktop&rcm=ACoAADq0lXQBXTqj-sy6tAYLEbCUl7FuRmFXwsw,Kintsugi,Expansion,Tax Compliance,,1 International
2026,3/19/2026,"PairSoft acquires Nimbello to strengthen its AP automation suite with purchase-order matching capabilities across major ERPs, that include Workday and Infor SyteLine",https://www.pairsoft.com/resources/news-events/pairsoft-acquires-nimbello/,Pairsoft,Acquisition,AP/AR Automation,,
2026,3/17/2026,"Hyperion Capital Advisors LP acquires $13.4M stake in Vertex, ~0.34% of the company's outstanding stock",https://nationaltoday.com/us/tx/houston/news/2026/03/16/hyperion-capital-advisors-lp-buys-13-39-million-stake-in-vertex-inc/,Vertex,Others,Others,,
2026,3/20/2026,"Denmark's Business Authority is planning a phased transition from OIOUBL to the Peppol-based Nemhandel BIS 4 format for e-invoicing, with mandatory adoption expected by November 2028 and full OIOUBL phase-out by May 2029",https://europe.thomsonreuters.com/compliance/regulatory-updates/denmark#Ptp4FIRJQayWtZFWJDeUYA,Industry,Regulation,Regulation,,2 international
2026,03/16/2026,Harvey launches in‑house customer advisory board to guide product direction,https://www.harvey.ai/blog/harveys-in-house-customer-advisory-board,Harvey,Product launch,Corp Legal,,
2026,03/19/2026,"Ironclad launches an AI Assistant and three agents to deliver contract intelligence for renewals, savings, and archiving",https://www.prnewswire.com/news-releases/ironclad-unveils-new-ai-assistant-and-agents-to-bring-contract-intelligence-to-every-agreement-302717729.html,Ironclad,Product launch,Corp Legal,,
2026,03/16/2026,"Luminance appoints Greg Pelander as Chief Technology Officer, prior to this he worked with ClickUp as Vice President of Engineering for Product and AI",https://www.luminance.com/press/greg-pelander-joins-luminance-as-chief-technology-officer-expanding-executive-bench-and-u-s-expertise-at-enterprise-giant/,Luminance,Leadership change,Corp Legal,,
2026,3/18/2026,TransUnion announces enhancements to its Device Risk solution to improve fraud detection accuracy and streamline customer experiences,https://newsroom.transunion.com/transunion-strengthens-device-security-with-new-machine-learning-capabilities/,TransUnion,Product enhancements,Corp Risk,,
2026,3/17/2026,Riskified launches Dispute Resolve for Shopify to help merchants automate chargeback management and recover revenues more effectively,https://www.riskified.com/press/riskified-launches-dispute-resolve-for-shopify-to-help-merchants-automate-chargeback-management-and-recover-lost-revenue/,Riskified,Product launch,Corp Risk,,
2026,12/03/2026,"Trulioo announces the appointments of Chief Risk and Strategy Officer, Chief Transformation Officer and Chief Financial Officer",https://www.trulioo.com/company/newsroom/press-releases/trulioo-executive-appointments-enterprise-platform-innovation,Trulioo,Executive appointment,Corp Risk,,
2026,3/17/2026,Veriff appoints Rob Brazier as Chief Product Officer to help the company transition to an end-to-end trust platform,https://www.veriff.com/pr-news/cpo-rob-brazier-announcement,Veriff,Executive appointment,Corp Risk,,
2026,3/26/2026,Avalara announces its partnership with Brighton & Hove Albion Football Club,https://www.linkedin.com/posts/avalara-europe_as-an-official-partner-of-brighton-hove-activity-7442465321099354113-WN71?utm_source=share&utm_medium=member_desktop&rcm=ACoAADq0lXQBXTqj-sy6tAYLEbCUl7FuRmFXwsw,Avalara,Marketing,Tax Compliance,,
2026,3/25/2026,"Workiva outlines its 2026 AI roadmap, focusing on three core priorities — agentic augmentation, contextual intelligence, and platform innovation",https://seekingalpha.com/article/4885923-workiva-inc-wk-discusses-ai-roadmap-priorities-and-platform-innovations-prepared-remarks,Workiva,Product Enhancement,Others,,
2026,3/25/2026,"Johnson Fistel, PLLP investigates potential federal securities law claims against Vertex, Inc. and its executive officers after a significant stock drop following reduced full-year guidance",https://www.globenewswire.com/news-release/2026/03/25/3262453/0/en/VERTEX-Shareholders-Are-Encouraged-to-Reach-Out-to-Johnson-Fistel-for-More-Information-About-Potentially-Recovering-Their-Losses.html,Vertex,Others,Others,,
2026,3/24/2026,"Sovos expands its Sovi AI platform across the Sovos Tax Compliance Cloud, introducing agentic AI capabilities — including Ask Sovi, error diagnosis, regulatory intelligence, and open agent interoperability",https://sovos.com/press-releases/sovos-expands-sovi-ai/,Sovos,Product Ehancement,Tax Compliance,Gen AI,
2026,3/28/2026,"Sovos hosts its e-Transformation Summit in Istanbul under the theme ""The Era of Smart Compliance,"" bringing together industry leaders to discuss the integration of real-time tax processes, AI-driven compliance, SAP transformation",https://www.sigortahaber.com/sovos-e-donusum-zirvesi-akilli-uyum-cagi-temasiyla-gerceklesti-24449880,Sovos,Conference,Tax Compliance,,
2026,3/26/2026,"CargoX and TradeSun launch Document Validation, an agentic AI-powered verification layer integrated with CargoX's blockchain platform, to automatically check trade documents pre-departure assisting customs clearance processes",https://www.businesswire.com/news/home/20260326828649/en/CargoX-and-TradeSun-Drive-Secure-Trade-Efficiency-With-Launch-of-Automated-Document-Validation-Prior-Filing,CargoX,Partnership,GTM,,
2026,3/29/2026,Kintsugi announces expansion of its capabilities to Phillipines and Sount Africa,https://www.linkedin.com/posts/kintsugi-ai_vat-philippines-southeastasia-activity-7444049496054939649-yFo9?utm_source=share&utm_medium=member_desktop&rcm=ACoAADq0lXQBXTqj-sy6tAYLEbCUl7FuRmFXwsw,Kintsugi,Rexpansion,Tax Compliance,,
2026,3/26/2026,Kintsugi announces expansion of its capabilities to Phillipines and Sount Africa,https://www.linkedin.com/posts/kintsugi-ai_vat-southafrica-globalexpansion-activity-7442589882335780864-P_YO?utm_source=share&utm_medium=member_desktop&rcm=ACoAADq0lXQBXTqj-sy6tAYLEbCUl7FuRmFXwsw,Kintsugi,Rexpansion,Tax Compliance,,
2026,03/26/2026,"AI‑native law firm, General Legal raises $11.5M in seed and pre‑seed led by Audacious Ventures to scale fast contract review for startups",https://www.artificiallawyer.com/2026/03/26/newmod-general-legal-hits-11-5m-funding-in-3-months/,General Legal,Funding,Corp Legal,,
2026,3/19/2026,"IDEMIA Public Security partners with Indicio, a verifiable credential platform provider, to build an interoperable verification platform for financial institutions and cross-border payments",https://www.idemia.com/press-release/idemia-public-security-and-indicio-launch-interoperable-identity-verification-solution-targeted-advance-trust-financial-services-2026-03-19,IDEMIA,Partnership,Corp Risk,,
2026,3/26/2026,Socure partners with Checkr Trust to integrate its criminal background check capabilities into its RiskOS orchestration platform,https://www.socure.com/news-and-press/socure-partners-with-checkr-trust,Socure,Partnership,Corp Risk,,
2026,3/24/2026,"Feedzai launches Risk Foundation Model (RiskFM), a foundation model built for financial crime prevention and risk decisioning",https://www.feedzai.com/pressrelease/riskfm-ai-risk-model/,Feedzai,Product launch,Corp Risk,,
2026,3/26/2026,ComplyAdvantage partners with Sumsub to enhance its AML screening capabilities for compliance teams,https://complyadvantage.com/press-media/sumsub-and-complyadvantage-announce-strategic-partnership/,ComplyAdvantage,Partnership,Corp Risk,,
2026,3/25/2026,"Unit21 partners with Helix by Q2, a core banking platform, to support AI-powered AML compliance for Banking as a Service (BaaS) and Embedded Finance clients",https://thepaypers.com/fraud-and-fincrime/news/unit21-helix-by-q2-partner-on-ai-driven-aml-monitoring-for-baas-programmes,Unit21,Partnership,Corp Risk,,
2026,02/04/2025,Numeral partners with Whop an American social commerce platform for digital products,https://www.linkedin.com/posts/numeralhq_thrilled-to-announced-that-weve-partnered-activity-7445114696342523904-A34H?utm_source=share&utm_medium=member_desktop&rcm=ACoAADq0lXQBXTqj-sy6tAYLEbCUl7FuRmFXwsw,Numeral,partnership,Tax Compliance,,
2026,3/31/2026,"Avalara launches Avalara Capital, a fast, embedded line of credit for SMBs that uses accounting data to fund tax obligations",https://newsroom.avalara.com/2026-03-31-Avalara-Introduces-Avalara-Capital-An-Embedded-Working-Capital-Solution-for-Modern-Businesses,Avalara,Product Launch,Tax Compliance,,
2026,03/04/2026,,https://www.linkedin.com/posts/ecosiohq_as-global-e-invoicing-mandates-accelerate-activity-7445432681586302976-oW6J?utm_source=share&utm_medium=member_desktop&rcm=ACoAADq0lXQBXTqj-sy6tAYLEbCUl7FuRmFXwsw,Ecosio,Partnership,E-invoicing,,
2026,03/04/2026,"Supplier.io, a supplier  intelligence platform, acquires Tealbook",https://www.linkedin.com/posts/tealbook_today-we-welcometealbookto-supplierio-activity-7445459589157773312-8E05?utm_source=share&utm_medium=member_desktop&rcm=ACoAADq0lXQBXTqj-sy6tAYLEbCUl7FuRmFXwsw,TealBook,Acquisition,SCM,,
2026,01/04/2026,Fonoa becomes a certified Peppol Access Point and SMP provider,https://www.linkedin.com/posts/fonoa_peppol-einvoicing-activity-7444691030089707520-65ql?utm_source=share&utm_medium=member_desktop&rcm=ACoAADq0lXQBXTqj-sy6tAYLEbCUl7FuRmFXwsw,Fonoa,Certification,E-invoicing,,1 international
2026,3/25/2026,Blue J integrates IBFD content to give users direct access to cross-border and international tax research within its AI-powered platform,https://www.ibfd.org/news/ibfd-launches-blue-js-genai-platform,IBFD,Partnership,Tax Research,,1 international
2026,02/04/2026,"U.S. Transactions Corp. and CereTax partner to integrate their capabilities within Microsoft Dynamics 365 Business Central, assisting with payment processing and sales tax compliance",https://nationaltoday.com/us/va/leesburg-va/news/2026/04/01/ust-and-ceretax-partner-to-bring-embedded-payments-and-tax-automation-to-microsoft-dynamics-365-business-central/,Ceretax,Partnership,Tax Compliance,,
2026,03/04/2026,HOIST partners with Sovos to integrate tax compliance and e-invoicing capabilities into IFS environments,https://www.linkedin.com/posts/linkedin-hgts_partnership-ifs-ifscloud-activity-7445448303225438208-T_KR/,Sovos,Partnership,Tax Compliance,,
2026,02/04/2026,"Avalara partners with Saleor, an e-commerce enablement paltform",https://www.linkedin.com/posts/saleor_saleor-has-partnered-with-avalara-to-activity-7445079053872713728-MZBQ?utm_source=share&utm_medium=member_desktop&rcm=ACoAADq0lXQBXTqj-sy6tAYLEbCUl7FuRmFXwsw,Avalara,Partnership,Tax Compliance,,
2026,06/04/2026,"IDnow partners with Trustfull, a fraud prevention technology provider, to enhance fraud detection across the lifecycle, comprising onboarding, authentication, transaction monitoring stages",https://www.idnow.io/pr/trustfull-partner-fraud-prevention-onboarding/,Idnow,Partnership,Corp Risk,,
2026,3/25/2026,"Hawk launches AML Investigative Agent, helping FIs reduce costs and streamline their AML operations",https://hawk.ai/news-press/hawk-releases-aml-investigative-agent-drastically-reduce-costs-and-enhance-quality-anti,Hawk AI,Product launch,Corp Risk,,
2026,3/31/2026,"UiPath launches agentic AI solution for Financial Crime Compliance to automate analyst workflows across screening, monitoring and alert management capabilities",https://thepaypers.com/fraud-and-fincrime/news/uipath-rolls-out-agentic-ai-solutions-for-financial-crime-compliance-and-loan-origination,UiPath,Product launch,Corp Risk,,
2026,03/04/2026,"Sumsub partners with Approvely, a payment infrastructure company, to integrate KYC and AML screening workflows for regulated gaming markets",https://thepaypers.com/fraud-and-fincrime/news/sumsub-and-approvely-unite-on-kyc-and-payments-for-gaming,Sumsub,Partnership,Corp Risk,,
2026,02/04/2026,Visa expands its dispute resolution capabilities for FIs with new product launches to enhance case management capabilities and prevent fraud transactions,https://thepaypers.com/fraud-and-fincrime/news/visa-launches-six-dispute-resolution-tools-for-merchants-and-issuers,Visa,Product launch,Corp Risk,,
2026,03/31/2026,DocuSign partners with Slack to bring Intelligent Agreement Management into Slackbot for in‑chat contract workflows,https://www.docusign.com/blog/docusign-iam-slackbot-integration,Docusign,Partnership,Corp Legal,,
2026,09/04/2026,"KNAV, an APAC focused full-service global accounting and consulting firm, joins Avalara's partner network, combining its cross-border tax, assurance, and advisory expertise with Avalara's compliance automation",https://www.linkedin.com/posts/were-pleased-to-welcome-knav-india-to-avalara-share-7447927953704984577-ycGL/?utm_source=share&utm_medium=member_desktop&rcm=ACoAAAVSiL0BXJHVEWkUeGGjhSRzUtljTeC00f4,Avalara,Partnership,Tax Compliance,,1 International
2026,08/04/2026,Vertex joins the Mirakl Summit Munich as a gold sponsor,https://www.linkedin.com/posts/mirakl_miraklsummit2026-outpace-activity-7447543629415493633-3Khd?utm_source=share&utm_medium=member_desktop&rcm=ACoAADq0lXQBXTqj-sy6tAYLEbCUl7FuRmFXwsw,Vertex,Event,Others,,
2026,08/04/2026,"Avalara integrates DAVO into Clover to automate sales tax set-aside, rate updates, filing, and remittance rewquirements, focusing on SMBs","https://newsroom.avalara.com/2026-04-08-Avalara-to-Deliver-Fully-Embedded,-Automated-Sales-Tax-Compliance-Tool-to-Small-Businesses-Within-the-Clover-Platform",Avalara,Partnership,Tax Compliance,,
2026,07/04/2026,"Vertex embeds AI across its Cloud compliance platform that claims to detect anomalies earlier, reduce handoffs across returns, reconciliation, and tax close,and execute e-invoicing workflows",https://www.vertexinc.com/company/news/latest-news/vertex-advances-ai-powered-capabilities-improve-how-enterprises-execute-compliance,Vertex,Product Enhancment,Tax Compliance,,
2026,09/04/2026,"Project44 acquires LunaPath.ai, to integrate agentic capabilities with its global logistics data graph, enabling context grounded decisions and real-time execution in supply chains",https://www.project44.com/press-releases/project44-acquires-lunapathai-to-accelerate-ai-agent-orchestration-across-global-supply-chains/,Project 44,Acquisition,SCM,,
2026,08/04/2026,"Project44 launches a portfolio of AI agents, spanning freight procurement, disruption management, exceptions, slot booking, carrier onboarding, and network operations",https://www.project44.com/press-releases/project44-launches-ai-agent-portfolio-at-decision44-built-on-a-decade-of-context-skills-and-orchestration/,Project 44,Product Launch,SCM,,
2026,12/04/2026,Kintsugi expands to South Korea and Barbados,https://www.linkedin.com/posts/kintsugi-ai_vat-southkorea-globalexpansion-activity-7448760560600649728-rLlq?utm_source=share&utm_medium=member_desktop&rcm=ACoAADq0lXQBXTqj-sy6tAYLEbCUl7FuRmFXwsw,Kintsugi,Expansion,Tax Compliance,,
2026,07/04/2026,Kintsugi expands to South Korea and Barbados,https://www.linkedin.com/posts/kintsugi-ai_vat-barbados-caribbean-activity-7446924698329985024-Hcah?utm_source=share&utm_medium=member_desktop&rcm=ACoAADq0lXQBXTqj-sy6tAYLEbCUl7FuRmFXwsw,Kintsugi,Expansion,Tax Compliance,,
2026,07/04/2026,"ecosio launches Global E-Invoicing Compliance in Japan, supporting businesses with Peppol and JP PINT structured invoice exchange to meet the country's Qualified Invoice System requirements",https://www.linkedin.com/posts/ecosiohq_japan-qis-jppint-activity-7447557651774906368-ZlPn?utm_source=share&utm_medium=member_desktop&rcm=ACoAADq0lXQBXTqj-sy6tAYLEbCUl7FuRmFXwsw,Vertex,Expansion,E-invoicing,,1 international
2026,4/30/2026,"MIC announces that its SAP Interfaces Release 6 is certified for SAP S/4HANA Cloud Private Edition, achieving Clean Core level C",https://www.mic-cust.com/mic-blog/news/detail/nd/certified-again-sap-s-4hana-cloud-private-edition-2025/,MIC,Certification,GTM,,
2026,07/04/2026,"The European Commission opens a public consultation, running through June 10, 2026, to revise the EU eInvoicing Directive and address cross-border interoperability gaps ahead of the ViDA mandate for mandatory e-invoicing by 2030",https://europe.thomsonreuters.com/compliance/regulatory-updates/eu#JKQo9iepSmG_k1-yQmyvZQ,Industry,Regulation,E-invoicing,,
2026,04/13/2026,"Anthropic launches Claude for Word, an AI assistant for contract drafting and review in Microsoft Word",https://www.legalpracticeintelligence.com/blogs/technology-intelligence/anthropic-claude-for-word-to-transform-legal-workflows,Anthropic,Product Launch,Corp Legal,,
2026,03/10/2026,"Legal automation platform, Josef launches Rapid Ingestion Engine, an AI capability to turn unstructured inputs into structured workflow data",https://joseflegal.com/blog/josef-launches-rapid-ingestion-engine-for-legal-workflows/,Josef,Product Launch,Corp Legal,,
2026,04/07/2026,Priori adds AI agent Scout to Priori RFP to help in‑house teams choose which external law firm to hire for each matter,https://www.priorilegal.com/blog/priori-adds-new-ai-capabilities-to-rfp-platform-to-bring-greater-structure-to-outside-counsel-selection/,Priori Legal,Product Update,Corp Legal,,
2026,04/08/2026,"ALSP, Axiom partners with Harvey to provide AI research, analysis and drafting for in-house legal teams",https://www.bing.com/search?q=Axiom%20and%20Harvey&qs=n&form=QBRE&sp=-1&lq=0&pq=axiom%20and%20harvey&sc=12-16&sk=&cvid=9408E94C8B5F4A34973028D05AC6ED94,Harvey,Client Win,Corp Legal,,
2026,04/09/2026,"AI compliance platform, Haast raises $12M in Series A led by Peak XV Partners, to scale agentic compliance workflows",https://haast.io/blog/haast-raises-12m-series-a,Haast,Funding,Corp Legal,,
2026,09/04/2026,Jumio launches selfie.DONE across Latin America,https://www.jumio.com/about/press-releases/jumio-launches-selfie-done-across-latin-america/,Jumio,Product launch,Corp Risk,,
2026,09/04/2026,ID.me integrates with Epic Toolbox to support healthcare systems with IDV within MyChart workflows,https://network.id.me/press-releases/id-me-is-now-available-in-epic-toolbox-as-a-digital-identity-option-for-mychart/,ID.me,Integration,Corp Risk,,
2026,4/17/2026,Loop raises $95 million in Series C funding to expand its AI platform for logistics and supply chains,https://www.businesswire.com/news/home/20260417578056/en/Loop-Raises-%2495M-Series-C-to-Scale-Its-AI-Platform-Across-the-Supply-Chain,Loop,Funding,SCM,,
2026,4/16/2026,"K1x secures $175M in growth investment led by Sumeru Equity Partners to scale its AI-native platform that automates the extraction, validation, and distribution of tax data from 1099s and other private market tax forms",https://k1x.io/k1x-secures-175-million-growth-investment-to-scale-digital-infrastructure-for-private-market-tax-compliance/,K1x,Funding,TIR,,
2026,4/14/2026,"Descartes Systems Group launches the Descartes Fleet Data Intelligence platform, featuring an AI agent named René and machine learning capabilities that enhance fleet performance by improving on-time delivery, increasing route density, and providing actionable insights",https://www.descartes.com/resources/news/descartes-expands-ai-innovation-global-logistics-network-fleet-data-intelligence,Descartes,Product Enhancement,SCM,,
2026,4/17/2026,Kintsugi expands to Indonesia,https://www.linkedin.com/posts/kintsugi-ai_indonesia-scale-comes-with-a-threshold-activity-7450899641656639489-l_kQ?utm_source=share&utm_medium=member_desktop&rcm=ACoAADq0lXQBXTqj-sy6tAYLEbCUl7FuRmFXwsw,Kintsugi,Expansion,Tax Compliance,,
2026,4/16/2026,"ecosio partners with Fourangle Consulting GmbH, a consulting firm focusing on NetSuite implementations",https://www.linkedin.com/posts/ecosiohq_%F0%9D%97%98%F0%9D%97%9C%F0%9D%97%BB%F0%9D%98%83%F0%9D%97%BC%F0%9D%97%B6%F0%9D%97%B0%F0%9D%97%B6%F0%9D%97%BB%F0%9D%97%B4-%F0%9D%98%84%F0%9D%97%B6%F0%9D%97%BF%F0%9D%97%B1-%F0%9D%97%A3%F0%9D%97%B3%F0%9D%97%B9%F0%9D%97%B6%F0%9D%97%B0-activity-7450453024348557312-fFyC?utm_source=share&utm_medium=member_desktop&rcm=ACoAADq0lXQBXTqj-sy6tAYLEbCUl7FuRmFXwsw,Vertex,Partnership,Expansion,,
2026,4/14/2026,"April achieves SOC 1 certification, adding to its existing SOC 2 Type 2 and TRUSTe credentials",https://www.getapril.com/resources/Blog/april-expands-enterprisegrade-compliance-capabilities-with-soc-1-certification-au7qrao89rMUJ3eU5M7Xm6,April,Certification,Direct Tax,,
2026,4/14/2026,Tax System's Loctax launches an AI Assistant that integrates IBFD's verified global tax content with company-specific data to deliver actionable cross-border tax research and analysis across 220+ jurisdictions,https://www.taxsystems.com/tax-news/tax-systems-launches-groundbreaking-ai-assistant-to-transform-cross-border-tax-intelligence/?original_entry_url=https%3A%2F%2Fwww.taxsystems.com%2Fblog%2F&inferred_source=direct&inferred_medium=none,Tax Systems,Partnership,Direct Tax,,1 international
2026,4/14/2026,Basware launches an AI certification program to train AP professionals to effectively manage and collaborate with AI agents in invoice processing workflows,https://news.basware.com/en/basware-launches-industry-first-ai-agent-training-for-finance-professionals,Basware,Others,Others,,
2026,4/17/2026,"Numeral celebrates 3,000 customers and launches a $10M Sales Tax Buyout Program to help businesses exit legacy contracts and switch to its sales tax and VAT compliance platform",https://www.linkedin.com/posts/natematherson_we-just-hit-3000-numeral-customers-and-activity-7450612628982480898-q1kN?utm_source=share&utm_medium=member_desktop&rcm=ACoAADq0lXQBXTqj-sy6tAYLEbCUl7FuRmFXwsw,Numeral,Expansion,Tax Compliance,,
2026,4/21/2026,"Sovos appoints David McCann as Chief Technology Officer, with previous CTO roles in Self financial and Accruent",https://sovos.com/press-releases/sovos-appoints-david-mccann-chief-technology-officer/,Sovos,Appointment,Others,,
2026,4/24/2026,"Google Cloud integrates partner-built AI agents, including Avalara's tax and compliance automation agent, Avi, into its Gemini Enterprise app",https://cloud.google.com/blog/products/ai-machine-learning/partner-built-agents-available-in-gemini-enterprise,Avalara,Integration,Tax Compliance,,1 international
2026,4/23/2026,Descartes acquires Idelic to add AI-driven driver safety and performance management capabilities to its fleet and logistics platform,https://www.descartes.com/resources/news/descartes-acquires-idelic,Descartes,Acquisition,Others,,
2026,4/23/2026,"Kintsugi updates its solution with faster transaction processing via parallelization, new Zenskar and Recurly integrations, NetSuite general ledger write-back, and an in-platform Learning Center",https://www.trykintsugi.com/blog/kintsugi-platform-updates-april-2026,Kintsugi,product enhancement,Tax Compliance,,
2026,4/26/2026,Kintsugi expands to Malaysia and Uruguay,https://www.linkedin.com/posts/kintsugi-ai_vat-uruguay-globalexpansion-activity-7453178394336186368-htqP?utm_source=share&utm_medium=member_desktop&rcm=ACoAADq0lXQBXTqj-sy6tAYLEbCUl7FuRmFXwsw,Kintsugi,Expansion,Tax Compliance,,
2026,4/23/2026,Kintsugi expands to Malaysia and Uruguay,https://www.linkedin.com/posts/kintsugi-ai_sst-malaysia-globalexpansion-activity-7454181263948808192-kCP5?utm_source=share&utm_medium=member_desktop&rcm=ACoAADq0lXQBXTqj-sy6tAYLEbCUl7FuRmFXwsw,Kintsugi,Expansion,Tax Compliance,,
2026,4/23/2026,"Orbitax successfully completes a test transmission of a Pillar Two GloBE Information Return through the Netherlands' Logius Digipoort system, advancing its automated end-to-end tax compliance filing capabilities",https://orbitax.com/newsroom/solutions/global-minimum-tax-gmt/orbitax-successfully-establishes-direct-transmission-connectivity-with-netherlands-logius-digipoort-for-pillar-two-reporting,orbitax,product enhancement,Direct Tax,,
2026,4/29/2026,"Wolters Kluwer updates its CompliEditor Suite to let financial institutions create, customize, and publish regulatory disclosures",https://www.businesswire.com/news/home/20260430117606/en/Wolters-Kluwer-expands-CompliEditor-Suite-to-help-financial-institutions-accelerate-disclosure-updates,Wolters Kluwer,Product launch,Others,,
2026,4/30/2026,"Kintsugi launches Kin, an AI assistant embedded in its dashboard that answers sales tax, VAT, and GST questions around nexus exposure, pending filings, and amounts owed",https://www.trykintsugi.com/blog/meet-kin-your-ai-sales-tax-assistant,Kintsugi,Product launch,Tax Compliance,,
2026,4/30/2026,Vertex cuts approximately 170 employees (9% of its global workforce) while incurring $6–8M in restructuring charges claiming to shift investment toward AI-driven tax automation,https://www.taxspoc.com/articles/vertex-inc-announces-layoffs-and-ai-transformation-plan-form-8-k-filing-analysis/,Vertex,Appointment,Tax Compliance,,1 International
2026,03/05/2026,Kintsugi expands to Israel,https://www.linkedin.com/posts/kintsugi-ai_vat-israel-globalexpansion-activity-7456366916606021632-LU9K?utm_source=share&utm_medium=member_desktop&rcm=ACoAADq0lXQBXTqj-sy6tAYLEbCUl7FuRmFXwsw,Kintsugi,Expansion,Tax Compliance,,
2026,4/29/2026,EY US and Rillet partner to combine AI-native ERP automation with finance transformation and built-in risk controls,https://www.ey.com/en_gl/newsroom/2026/04/ey-announces-alliance-with-rillet-to-provide-ai-native-finance-transformation-with-risk-and-controls-built-in,EY,Partnership,Others,,
2026,4/29/2026,Taxera Technologies partners with Future Fit Tax and the Adept Group assist in South African e-invoicing and VAT modernisation,https://taxera.tech/media/taxera-technologies-announces-strategic-partnership-with-future-fit-tax-and-adep,Taxera,Partnership,E-invoicing,,
2026,05/05/2026,"Wolters Kluwer updates its CompliEditor Suite with real-time disclosure generation, tailored compliance language, and self-service workflows",http://wolterskluwer.com/en/news/complieditor-suite-to-help-financial-institutions-accelerate-disclosure-updates,Wolters Kluwer,Partnership,Statutory Reporting,,
2026,04/05/2026,"Wolters Kluwer appoints Craig Crabtree, prior experience in Equifax and Truist, as EVP and General Manager of its Compliance Solutions business",https://www.businesswire.com/news/home/20260504042292/en/Wolters-Kluwer-appoints-Craig-Crabtree-as-EVP-and-General-Manager-Compliance-Solutions,Wolters Kluwer,Appointment,Statutory Reporting,,
2026,07/05/2026,"Vertex posts Q1 2026 revenue of $196.6M (+11.1% YoY) with subscription revenue of $167M, ARR of $688M, and adjusted EBITDA of $44.1M at a 22.4% margin (+140bps), while guiding for $200–204M in Q2 and reaffirming full-year revenue guidance of $823.5–831.5M",https://www.vertexinc.com/company/news/latest-news/vertex-announces-first-quarter-2026-financial-results,Vertex,Earnings,Tax Compliance,,
2026,05/05/2026,"Workiva posts Q1 2026 revenue of $247M (+20% YoY) with subscription revenue of $225M (+21%), non-GAAP operating margin of 18.4% (+1,600bps YoY), and net retention of 112%, repurchases $50M in Class A shares under its expanded $350M buyback program, and guides for full-year revenue of $1.037–1.041B at a ~20% free cash flow margin.",https://investor.workiva.com/news-releases/news-release-details/workiva-announces-first-quarter-2026-financial-results,Workiva,Earnings,Statutory Reporting,,
2026,11/05/2026,Kintsugi expands to Cambodia and Tajikistan,https://www.linkedin.com/posts/kintsugi-ai_vat-cambodia-southeastasia-activity-7459245955020652544-SbF4?utm_source=share&utm_medium=member_desktop&rcm=ACoAADq0lXQBXTqj-sy6tAYLEbCUl7FuRmFXwsw,Kintsugi,Expansion,Tax Compliance,,
2026,07/05/2026,"Kintsugi announces integration with Recurly, a billing platform for SaaS companies",https://www.linkedin.com/posts/kintsugi-ai_recurly-powers-digital-subscription-billing-activity-7457801374097993728-aihp?utm_source=share&utm_medium=member_desktop&rcm=ACoAADq0lXQBXTqj-sy6tAYLEbCUl7FuRmFXwsw,Kintsugi,Partnership,Tax Compliance,,
2026,07/05/2026,Kintsugi expands to Cambodia and Tajikistan,https://www.linkedin.com/posts/kintsugi-ai_vat-tajikistan-globalexpansion-activity-7458297140860096512-D81T?utm_source=share&utm_medium=member_desktop&rcm=ACoAADq0lXQBXTqj-sy6tAYLEbCUl7FuRmFXwsw,Kintsugi,Expansion,Tax Compliance,,
2026,05/05/2026,Taxera Technologies partners with Nordic document processing provider ECIT Digital to convert inbound supplier documents of any format into structured data for its tax compliance platform,https://taxera.tech/media/taxera-partners-with-ecit-digital-to-extend-ap-automation-across-its-global-tax-compliance-platform,Taxera,Partnership,Direct Tax,,
2026,07/05/2026,"Vertex acquires Brinta, an e-invoicing focused player covering 19 LatAm regions assisting Vertex in covering its e-invoicing gaps and leveraging Brinta's data mapping, invoice extraction and product classification capabilities",https://www.vertexinc.com/resources/resource-library/vertex-and-brinta-advancing-ai-driven-e-invoicing-across-latin-america,Vertex,Acquisition,Tax Compliance,,
2026,07/05/2026,"A-Cube, an Italian API-first platform for automated digital tax compliance and e-invoicing, raises $4.7M led by P101 with participation from Sella Direct Ventures to accelerate AI integration, and expand its product suite",https://www.acubeapi.com/en-it/blog/a-cube-chiude-un-round-di-investimento-da-4-milioni-di-euro-con-p101,Acube,Funding,E-invoicing,,
2026,5/13/2026,"Marosa partners with PwC Spain, offering a joint B2B e-invoicing solution for Spain and beyond ahead of Spain's 2027 e-invoicing mandate",https://www.linkedin.com/posts/marosa_pwc-pwcspain-newlawsummit-activity-7460260360210542592-lljh?utm_source=share&utm_medium=member_desktop&rcm=ACoAADq0lXQBXTqj-sy6tAYLEbCUl7FuRmFXwsw,Marosa,Partnership,E-invoicing,,1 Intrnational
2026,5/13/2026,"Nuvo integrates with Avalara to combine its credit onboarding solution with Avalara's tax certificate collection, validation, and storage capabilities",https://www.businesswire.com/news/home/20260513668636/en/Nuvo-and-Avalara-Launch-AI-Integration-to-Eliminate-Tax-Compliance-Gaps-and-Accelerate-B2B-Customer-Onboarding,Avalara,Integration,Tax compliance,,
2026,5/13/2026,Visma acquires Brazilian SaaS companies Dootax and Pag Útil to expand its tax automation and payment compliance platform across Brazil's SMB space,https://www.visma.com/news/visma-acquires-brazilian-tax-automation-and-payments-providers-dootax-and-pag-util,Visma,Acquisition,Tax Compliance,,1 international
2026,12/05/2026,"Sovos builds on its IRIS acquisition, opening an APAC Center of Excellence in Mumbai to expand its tax compliance and e-invoicing operations across the region, backed by new leadership appointments in APAC",https://sovos.com/press-releases/sovos-significantly-scales-investment-in-asia-pacific-opens-mumbai-center-of-excellence-to-drive-regional-tax-compliance-growth/,Sovos,Expansion,Tax Compliance,,1 international
2026,12/05/2026,Basware makes its Invoice Lifecycle Management solution for SAP Cloud ERP available on SAP Store,https://news.basware.com/en/basware-invoice-lifecycle-management-now-available-on-sap-store,Basware,Product enhancement,AP/AR Automation,,
2026,12/05/2026,"EcoVadis and Workiva integrate platforms combining supplier emissions data with carbon reporting, assisting companies to calculate Scope 3 emissions",https://www.esgtoday.com/ecovadis-workiva-partner-on-scope-3-data-solutions/,Workiva,Partnership,ESG,,
2026,5/14/2026,"AJMS Group invests $20 million towards UAE expansion of Marmin AI's e-invoicing and digital compliance platform, with a focus on building local infrastructure, regulatory integrations, engineering teams and enterprise support",https://www.khaleejtimes.com/business/ajms-group-to-invest-20m-in-uae-ai-finance-expansion,Marmin,Funding,E-invoicing,,1 international
2026,5/17/2026,Kintsugi expands its tax compliance soltuion to support Bahamas' VAT requirements,https://www.linkedin.com/posts/kintsugi-ai_vat-bahamas-globalexpansion-activity-7461412663408054272-bUjm?utm_source=share&utm_medium=member_desktop&rcm=ACoAADq0lXQBXTqj-sy6tAYLEbCUl7FuRmFXwsw,Kintsugi,Expansion,Tax Compliance,,2 international
2026,5/13/2026,"Leveraging its CPA.com partnership, Kintsugi partners with Truss to offer sales tax registration and filing services directly through Truss' platform for accounting firms",https://www.linkedin.com/posts/gettruss_truss-trusstheprocess-kintsugi-activity-7459998396578410496-kqBB?utm_source=share&utm_medium=member_desktop&rcm=ACoAADq0lXQBXTqj-sy6tAYLEbCUl7FuRmFXwsw,Kintsugi,Patrtnership,Tax Compliance,,
2026,12/05/2026,"Coupa acquires Rossum, an intelligent document processing company, to extend its invoice automation capabilities across its broader procurement and spend management platform",https://www.coupa.com/newsroom/coupa-acquires-rossum-to-accelerate-end-to-end-autonomous-spend-management/,Coupa,Acquistion,Others,,
2026,5/13/2026,"Taxera Technologies is certified as a DBNAlliance Access Point, enabling document exchange across North America",https://taxera.tech/media/taxera-technologies-approved-as-a-certified-dbnalliance-access-point-across-north-america,Taxera,Certification,E-invoicing,,
2026,5/14/2026,"Slovenian startup DDD Invoices raises $1.4M seed funding to expand its API-based e-invocing system. The funding was led by Fil Rouge Capital with Bengt Nilsson (IFS, Pagero) and multiple other former leaders from Pagero as angel investors",https://techfundingnews.com/ddd-invoices-1-31m-seed-global-e-invoicing-compliance-api/,DDD,Funding,E-invoicing,,2 international
2026,5/16/2026,"Bookkeeper.lu launches six services for Luxembourg companies, with a focus on accounting, payroll, tax filings, VAT compliance, transfer pricing support, and liquidation management",https://www.accessnewswire.com/newsroom/en/banking-and-financial-services/bookkeeper-launches-integrated-luxembourg-fiduciary-platform-combini-1167619,bookkeeper,Product Launch,Tax Compliance,,1 interanational
2026,5/16/2026,,https://it.einnews.com/pr_news/913202603/xyra-ai-launches-ai-powered-accounting-finance-platform-to-revolutionize-b2b-financial-management-in-the-uae-beyond,XYRA,Product launch,Tax Compliance,,2 international
2026,5/19/2026,Emagia integrates Avalara's tax compliance and e-invoicing capabilities natively into its Order-to-Cash operations,https://www.emagia.com/press-releases/global-e-invoicing-into-autonomous-finance/,Avalara,Partnership,E-invoicing,,
2026,5/19/2026,"Kintsugi integrates with Microsoft Dynamics 365 assisting in tax compliance, nexus detection, and filings directly from Dynamics' revenue data",https://www.linkedin.com/posts/kintsugi-ai_microsoft-dynamics-365-kintsugi-is-live-activity-7462158833621118976-MvAi?utm_source=share&utm_medium=member_desktop&rcm=ACoAADq0lXQBXTqj-sy6tAYLEbCUl7FuRmFXwsw,Kintsugi,Integration,Tax Compliance,,
2026,5/20/2026,"Avalara announces intelligent automation for its property tax management solution, that plans to leverage a cloud-native platform and agentic AI capabilities for compliance",https://newsroom.avalara.com/2026-05-20-Avalara-Advances-Property-Tax-Compliance-with-Intelligent-Automation-and-Enterprise-Scale-Performance,Avalara,Product Enhancement,Others,,
2026,5/21/2026,Avalara integrates its global e-invoicing and live reporting compliance capabilities with Chargebee's billing platform to automate,https://newsroom.avalara.com/2026-05-21-Avalara-and-Chargebee-Launch-New-Integration-to-Automate-Global-E-Invoicing-and-Live-Reporting,Avalara,Integration,Tax Compliance,,
2026,5/18/2026,"Project44 reports strong Q1 FY27 results, including 34% new ARR growth and 52% shipper ARR surge, driven by its expanding AI agent portfolio, Autopilot no-code platform, and the LunaPath.ai acquisition",https://www.project44.com/press-releases/project44-delivers-34-new-arr-growth-fueled-by-ai-agent-momentum-and-intelligent-tms-expansion/,Project 44,Earnings,SCM,,
2026,5/24/2026,Kintsugi expands its tax compliance capabilities to Thailand and Suriname,https://www.linkedin.com/posts/kintsugi-ai_vat-suriname-globalexpansion-activity-7464305541708754944-85Jd?utm_source=share&utm_medium=member_desktop&rcm=ACoAADq0lXQBXTqj-sy6tAYLEbCUl7FuRmFXwsw,Kintsugi,Expansion,Tax Compliance,,
2026,5/21/2026,Kintsugi expands its tax compliance capabilities to Thailand and Suriname,https://www.linkedin.com/posts/kintsugi-ai_vat-thailand-globalexpansion-activity-7463006997055954944-JJnc?utm_source=share&utm_medium=member_desktop&rcm=ACoAADq0lXQBXTqj-sy6tAYLEbCUl7FuRmFXwsw,Kintsugi,Expansion,Tax Compliance,,
2026,04/05/2026,"PwC and OpenAI partner to bring governed AI agents to tax and finance workflows, automating reviews, reporting, forecasting, and risk detection",https://openai.com/index/openai-pwc-finance-collaboration/,OpenAI,Partnership,Direct tax,,
2026,5/29/2026,"Fonoa acquires PwC's Indirect Tax Edge, adding VAT/GST compliance reporting, e-filing, transactional data management, and tax analytics to its platform, while raising a $110M Series C led by Headline",https://www.fonoa.com/company/news/fonoa-raises-110m-funding-and-acquires-edge?_gl=1*y03c75*_up*MQ..*_ga*NDY1MDA2NDQwLjE3MTA3NjAxNDg.*_ga_KB43HTLP0H*czE3ODAyOTM1NDQkbzQ4JGcxJHQxNzgwMzEzNTU5JGo1OSRsMCRoMCRkQ2ZaM2FIeGtodEZ6YnNCOFg1UnlSN2FxN2N1SmhtMFFUUQ..,Fonoa,Acquisition,Tax Compliance,,1 International
2026,5/28/2026,"Avalara appoints Hugo Sarrazin, former CEO of Udemy, as its new Chief Executive Officer, succeeding co-founder Scott McFarlane who transitions to an advisory role",https://newsroom.avalara.com/2026-05-28-Avalara-Names-Hugo-Sarrazin-Chief-Executive-Officer,Avalara,Appointment,Others,,
2026,5/27/2026,"Prophix partners with Taxvibes to extend Prophix One with automated direct tax capabilities for tax provisioning, Pillar Two, CbCR, transfer pricing, and related compliance",https://pressreleasehub.pa.media/article/prophix-and-taxvibes-announce-strategic-partnership-to-transform-tax-and-finance-integration-74734.html,Prophix,Partnership,Direct Tax,,1 International
2026,5/28/2026,Bectran partners with Avalara to integrate automated exemption certificate management into its credit and accounts receivable workflows,https://www.bectran.com/press/bectran-x-avalara-automate-tax-compliance?utm_source=linkedin&utm_medium=organic-social,Avalara,Partnership,Tax Compliance,,
2026,5/31/2026,Kintsugi expands its tax compliance cpapbilities to Chile and Ankora,https://www.linkedin.com/posts/kintsugi-ai_vat-chile-globalexpansion-activity-7466853514615357440-SQCa?utm_source=share&utm_medium=member_desktop&rcm=ACoAADq0lXQBXTqj-sy6tAYLEbCUl7FuRmFXwsw,Kintsugi,Expansion,Tax Compliance,,
2026,5/31/2026,Kintsugi expands its tax compliance cpapbilities to Chile and Angola,https://www.linkedin.com/posts/kintsugi-ai_vat-angola-globalexpansion-activity-7466487348550270976-50-U?utm_source=share&utm_medium=member_desktop&rcm=ACoAADq0lXQBXTqj-sy6tAYLEbCUl7FuRmFXwsw,Kintsugi,Expansion,Tax Compliance,,
2026,5/27/2026,"Slovakia's Ministry of Finance proposes VAT Act amendments to modernize EU-aligned VAT rules, expand single VAT registration, update platform-economy treatment, simplify own-goods transfers, temporarily ease buyer e-invoice reporting, and strengthen anti-evasion measures",https://europe.thomsonreuters.com/compliance/regulatory-updates/slovakia#IW7aQ_TMQuajWPG9QOIelg,Industry,Regulation,Regulation,,
2026,01/06/2026,"Ryan acquires Svalner Atlas Advisors, a 450-person Nordic and Benelux tax and transaction advisory firm with offices across Sweden, the Netherlands, Finland, Norway, and Denmark, expanding Ryan's European footprint and cross-border tax advisory capabilities",,Ryan,Acquisition,Direct tax,,
2026,5/27/2026,,https://natlawreview.com/press-releases/ancora-software-positions-customers-future-uk-e-invoicing-compliance,Ancora,Product enhancement,E-invoicing,,
2026,02/06/2026,"Sovos announces the launch of Compliance Network, focused e-invoicing requirements and claiming to cover countries like France, Poland, the UAE, Germany, Spain, Slovakia, Norway, and Singapore from one platform",https://sovos.com/press-releases/sovos-launches-compliance-network-to-address-unprecedented-wave-of-global-e-invoicing-mandates/,Sovos,Announcement,E-invoicing,,
2026,05/06/2026,"Avalara launches Tax Content Essentials to provide current tax rates, industry-specific templates, automated scheduling, notifications, and file delivery through the Avalara platform or Secure File Transfer Protocol",https://newsroom.avalara.com/2026-06-04-Avalara-Introduces-Tax-Content-Essentials-to-Simplify-Tax-Rate-Compliance-for-Growing-Businesses,Avalara,Product Enhancement,Tax Research,,
2026,05/06/2026,Marmin AI partners with Redington Middle East to distribute its UAE-compliant e-invoicing solutions across the UAE and GCC,https://www.linkedin.com/posts/marminai_einvoicing-uae-ajmsgroup-activity-7468268694855442432-MXxJ?utm_source=share&utm_medium=member_desktop&rcm=ACoAADq0lXQBXTqj-sy6tAYLEbCUl7FuRmFXwsw,Marmin,Partnership,E-invoicing,,
2026,05/06/2026,Kintsugi expands its tax compliance cpapbilities to Costa Rica,https://www.linkedin.com/posts/kintsugi-ai_vat-costarica-globalexpansion-activity-7468660420657102848-GuqF?utm_source=share&utm_medium=member_desktop&rcm=ACoAADq0lXQBXTqj-sy6tAYLEbCUl7FuRmFXwsw,Kintsugi,Expansion,Tax Compliance,,
2026,04/06/2026,,https://orbitax.com/newsroom/solutions/global-minimum-tax-gmt/orbitax-completes-first-gir-submission-to-the-netherlands-and-expands-global-pillar-two-filing-readiness,Orbitax,Expansion,Direct Tax,,
2026,5/15/2026,,https://kpmg.com/xx/en/media/press-releases/2026/05/kpmg-and-anthropic-sign-global-alliance-and-launch-digital-gateway-powered-by-claude.html,KPMG,Partnership,Direct Tax,,
2026,05/06/2026,"Taxera Technologies receives approval as a French PDP, allowing it to support businesses with France's upcoming e-invoicing and e-reporting requirements",https://www.linkedin.com/posts/taxera_einvoicing-ereporting-frenchpdp-activity-7468617651960020993-ITXJ?utm_source=share&utm_medium=member_desktop&rcm=ACoAADq0lXQBXTqj-sy6tAYLEbCUl7FuRmFXwsw,Taxera,Certification,E-invoicing,,
2026,03/06/2026,"Wolters Kluwer expands its OpenAI collaboration to add AI features in CCH Axcess that automate client data gathering, document classification, and tax preparation tasks",https://www.wolterskluwer.com/en/news/wolters-kluwer-and-openai-expand-enterprise-ai-collaboration-to-advance-trusted-expert-ai,Wolters Kluwer,Partnership,Tax Research,,
2026,03/06/2026,,https://www.theglobeandmail.com/investing/markets/markets-news/GlobeNewswire/2236537/lucasys-expands-tax-suite-with-launch-of-tax-repairs-a-new-core-application-for-utilities-and-energy-companies/,Lucasys,Product Enhancement,Direct tax,,
2026,03/06/2026,,https://www.mycarrollcountynews.com/online_features/press_releases/article_44328d27-9bf3-5b7e-9698-9e14fd54cd59.html,ShipScout,Product Launch,GTM,,
2026,03/06/2026,"Kpler secures over $1 billion in funding from Sixth Street to expand its trade intelligence platform, which aggregates and analyzes global cargo, vessel, and commodity data to support real-time decision making in the maritime and commodities sectors",https://thedigitalship.com/news/electronics-navigation/kpler-lands-1bn-sixth-street-investment-to-strengthen-global-maritime-and-trade-intelligence-platform/,Kpler,Funding,OThers,,
2026,02/06/2026,Cygnet.One partners with BEMEA to provide Microsoft Dynamics 365 e-invoicing connectors to assist UAE enterprises with the upcoming mandates,https://cxotoday.com/media-coverage/cygnet-one-launches-bemea-powered-dynamics-connector-on-microsoft-marketplace-for-uae-e-invoicing/,Cygnet,Partnership,E-invoicing,,
2026,6/14/2026,Kintsugi expands its tax compliance cpapbilities to Ukraine and announces integration with Campfire,https://www.linkedin.com/posts/kintsugi-ai_vat-ukraine-globalexpansion-activity-7471554489959862272-6sRK?utm_source=share&utm_medium=member_desktop&rcm=ACoAADq0lXQBXTqj-sy6tAYLEbCUl7FuRmFXwsw,Kintsugi,Expansion,Tax Compliance,,
2026,12/06/2026,Kintsugi expands its tax compliance cpapbilities to Ukraine and announces integration with Campfire,https://www.linkedin.com/posts/kintsugi-ai_salestax-taxcompliance-erpintegration-activity-7470843554471452672-swnE?utm_source=share&utm_medium=member_desktop&rcm=ACoAADq0lXQBXTqj-sy6tAYLEbCUl7FuRmFXwsw,Kintsugi,Integration,Tax Compliance,,
2026,09/06/2026,,https://www.upu.int/en/news/consultative-committee/activities/upu-consultative-committee-member-avalara-supports-crossborder-compliance-through-aienabled-trade,Avalara,Partnership,Others,,
2026,09/06/2026,"DP World launches a UAE e-invoicing solution after being named a pre-approved service provider by the UAE Ministry of Finance, ahead of the its mandatory e-invoicing rollout in January 2027",https://www.dpworld.com/en/news/releases/uae/dp-world-launches-uae-e-invoicing-solution,DP world,Product Launch,E-invoicing,,
2026,09/06/2026,"Wolters Kluwer launches BEPS Pillar Two filing capabilities on its CCH Integrator platform, assisting in GloBE Information Returns and domestic top-up tax returns to HM Revenue & Customs (HMRC) and the Canada Revenue Agency (CRA)",https://www.wolterskluwer.com/en-gb/news/wolters-kluwer-helps-multinational-enterprises-and-tax-advisors-with-beps,Wolters Kluwer,Product Enhancement,Direct tax,,1 International
2026,09/06/2026,"AvidXchange announces the availability of its Payment Automation solution on the Workday Marketplace through Invisors, letting Workday Financial Management users initiate, approve, and track supplier payments within the ERP",https://www.avidxchange.com/press-releases/avidxchange-completes-workday-integration/,AvidXchange,Integration,AP/AR Automation,,
2026,11/06/2026,"The Norwegian Parliament approves legislation mandating e-invoicing and digital bookkeeping for bookkeeping-obligated businesses, requiring B2B e-invoice sending via the ELMA register from January 2027 and e-invoice receipt plus digital bookkeeping from January 2030",https://europe.thomsonreuters.com/compliance/regulatory-updates/norway#ACGHRYXfSZy6J0pyFjqYqQ,Industry,Regulation,Regulation,,
2026,6/14/2026,"Workiva introduces a Sustainability Disclosure Agent that assesses a company's existing content against applicable reporting requirements around ESRS and IFRS S1/S2, flags where disclosures are complete, partial, or missing and creates a draft accordingly",https://www.workiva.com/blog/introducing-sustainability-disclosure-agent,Workiva,Product Enhancement,ESG,Gen AI,
2026,6/17/2026,"The National Association of Enrolled Agents names Marble its preferred vendor for tax research, giving its members discounted access to a platform that provides citation-backed answers grounded in the Internal Revenue Code, Treasury Regulations, IRS guidance, and state tax authority",https://www.businesswire.com/news/home/20260617251701/en/Marble-Selected-as-NAEAs-Preferred-AI-Tax-Research-Platform-for-60000-Enrolled-Agents,Marble,Partnership,Tax Research,,
2026,6/18/2026,"Orbitax and Diligent partner to connect Diligent's legal entity data with Orbitax's international tax calculation and reporting platform, claiming to reduce manual entity reconciliation ahead of Pillar Two and other international tax compliance workflows",https://orbitax.com/newsroom/press-releases/orbitax-announces-partnership-with-diligent,Orbitax,Patrtnership,Others,,
2026,6/17/2026,"Alphatax acquires TP Accurate, a transfer pricing technology provider focused on financial transactions, adding automated benchmarking, pricing, and documentation capabilities for intra-group loans, guarantees, and cash pooling to its existing portfolio as part of its broader AlphataxOS platform build-out",https://www.alphatax.com/tax-news/alphatax-acquires-tp-accurate-to-strengthen-transfer-pricing-offering/?utm_source=direct&utm_medium=none&utm_campaign=direct_none,TaxSystems,Acquisition,Direct Tax,,
2026,6/17/2026,"Bloomberg Tax adds EY US to its Certified Implementer Programme, with EY US supporting client deployments of Bloomberg Tax Provision, Bloomberg Tax Workpapers, and Bloomberg Tax Fixed Assets across process design, data transformation, and reporting automation",https://www.internationalaccountingbulletin.com/news/ey-us-joins-bloomberg-tax-implementer-network/,EY,Partnership,Direct Tax,,
2026,6/19/2026,"Yonda partners with GoGlobal to offer a combined solution covering market entry and local entity setup alongside sales tax, VAT, and GST compliance",https://www.linkedin.com/posts/untitled-design-1-share-7473388838300614657-NKsd/?utm_source=social_share_send&utm_medium=ios_app&rcm=ACoAAAVSiL0BXJHVEWkUeGGjhSRzUtljTeC00f4,Yonda,Partnership,Tax Compliance,,
2026,6/17/2026,"A faulty data update on June 17 took CargoWise offline for roughly two to four hours, with WiseTech attributing the outage to a data update that has since been rolled back",https://theloadstar.com/cargowise-outage-reignites-debate-over-software-quality-support-and-updates/,WiseTech,Others,Others,,
2026,6/24/2026,"Caspian acquires Trade-IQ and launches new Trade Audit and Tariff Calculator products, expanding its platform to manage full duty lifecycle for importers",https://www.businesswire.com/news/home/20260624852407/en/Caspian-Acquires-Trade-IQ-Expanding-from-Duty-Recovery-into-Full-Lifecycle-Trade-Advisory,Caspian,Product Enhancement,GTM,,
2026,6/26/2026,Kintsugi partners with Ecomswap and expands capabilities to Mauritania,https://www.linkedin.com/posts/kintsugi-ai_theres-a-due-diligence-conversation-every-activity-7475974874944020480-rOK4?utm_source=share&utm_medium=member_desktop&rcm=ACoAADq0lXQBXTqj-sy6tAYLEbCUl7FuRmFXwsw,Kintsugi,Partnership,Tax Compliance,,
2026,6/28/2026,Kintsugi partners with Ecomswap and expands capabilities to Mauritania,https://www.linkedin.com/posts/kintsugi-ai_vat-mauritania-globalexpansion-activity-7476643027135168512-L99s?utm_source=share&utm_medium=member_desktop&rcm=ACoAADq0lXQBXTqj-sy6tAYLEbCUl7FuRmFXwsw,Kintsugi,Expansion,Tax Compliance,,
2026,6/22/2026,"MIC advances global trade compliance with an agentic AI platform that embeds specialized, trusted AI agents into its GTM suite, assisting with  tariff classification, origin determination, and duty optimization",https://www.mic-cust.com/mic-blog/news/detail/nd/the-mic-ai-platform-preparing-for-the-next-era-of-global-trade/,MIC,Product Laungh,GTM,Agentic AI,
2026,6/25/2026,"Sovos expands its Epicor partnership by embedding Indirect Tax capabilities into the Prophet 21 wholesale distribution platform, extending its existing integration with Epicor Kinetic",https://www.linkedin.com/posts/epicor_epicor-sovos-isvpartner-activity-7475603661151322113-DJ_c/?utm_source=share&utm_medium=member_desktop&rcm=ACoAAAVSiL0BXJHVEWkUeGGjhSRzUtljTeC00f4,Sovos,Partnership,Tax Compliance,,
2026,6/23/2026,"Descartes launches AuditLog in MyCarrierPortal to assist brokers, 3rd party logistics providers and shippers standardize carrier reviews, document selection decisions and maintain auditable vetting records",https://www.descartes.com/resources/news/new-auditlog-capability-descartes-helps-organizations-create-auditable-transparent-carrier-selection,Descartes,Product launch,SCM,,
2026,6/25/2026,,https://ecommercenews.com.au/story/avalara-appoints-nikita-khatri-to-lead-anz-marketing,Avalara,Appointment,Others,,
2026,6/23/2026,"Tickstar, a Peppol infrastructure service provider, partners with UAE-accredited provider Casim to deliver compliant Peppol eInvoicing infrastructure for businesses entering or operating in the UAE market",https://www.tickstar.com/tickstar-partners-with-casim-uae/,Casim,Patrtnership,E-invoicing,,
2026,01/07/2026,"Zamp expands its sales tax compliance service to Canada, covering exposure tracking, registration, filing, remittance, and notices across GST/HST, PST, and QST",https://zamp.com/blog/zamp-now-manages-sales-tax-in-canada-end-to-end,Zamp,Expansion,Tax compliance,,1 International
2026,01/07/2026,,https://www.businesswire.com/news/home/20260701417345/en/KNAV-Launches-its-AI-Powered-Platform-KNAV-Tara-to-Support-Assurance-Tax-and-Advisory,KNAV,Product Expansion,Others,,
2026,01/07/2026,"Wolters Kluwer TAA Germany launches ADDISON Direkt, a cloud-based client-collaboration portal for accounting firms that embeds PEPPOL-connected e-invoicing, AI-supported document management, and automated bank reconciliation into the firm-client workflow",https://www.businesswire.com/news/home/20260701166037/en/Wolters-Kluwer-introduces-ADDISON-Direkt-to-simplify-collaboration-between-tax-firms-and-clients-and-support-e-invoicing,Wolters Kluwer,Product Enhancement,E-invoicing,,
2026,6/30/2026,,https://www.businesswire.com/news/home/20260630863154/en/Wolters-Kluwer-Streamlines-Business-License-Research-With-the-Introduction-of-CT-License-Intelligence,Wolters Kluwer,Product Launch,Tax Research,,
2026,6/30/2026,"Andersen Global, a professionals services provider, signs a Collaboration Agreement with Lohr and Company (L+C), a German/Austrian tax advisory firm, adding capabilities in cross-border tax, global mobility, transfer pricing, and Pillar Two reporting",https://www.businesswire.com/news/home/20260630084698/en/Andersen-Global-Adds-Depth-to-Tax-and-Global-Mobility-Capabilities-in-Germany,Anderson Global,Product Enhancement,Direct tax,,
2026,6/29/2026,"Wolters Kluwer adds AI-powered document intelligence capabilities in CCH Axcess Scan, built with Microsoft Azure Content Understanding it automates extraction of data from tax source documents like K-1s, W-2s, and 1099s directly into CCH Axcess Tax",https://www.businesswire.com/news/home/20260629349555/en/Wolters-Kluwer-expands-CCH-Axcess-Expert-AI-to-deliver-low-touch-tax-preparation-with-AI-powered-Scan-and-K-1-automation,Wolters Kluwer,product launch,Others,,
2026,6/30/2026,"Basware launches the Governed Autonomy Framework for Finance, a three-tier model (Adviser, Collaborator, Operator) letting customers set customer-controlled AI authority levels within its Invoice Lifecycle Management suite, with logging and audit trails at each tier",https://news.basware.com/en/basware-establishes-governed-autonomy-framework-for-finance,Basware,Others,Others,,
2026,03/07/2026,"Numeral, a sales tax software startup, announces a native integration with Maxio, a B2B SaaS financial operations platform",https://www.linkedin.com/posts/numeralhq_thrilled-to-share-that-weve-partnered-and-activity-7478448140627447808-F4WX?utm_source=share&utm_medium=member_desktop&rcm=ACoAADq0lXQBXTqj-sy6tAYLEbCUl7FuRmFXwsw,Numeral,Partnership,Tax Compliance,,
2026,6/30/2026,Taxwire raises a $25M round led by Headline to scale its AI-native sales tax platform and managed service for mid-market companies,https://www.taxwire.com/taxwire-series-a,Taxwire,Funding,Tax Compliance,,
2026,6/29/2026,"California enacts Senate Bill 122, expanding sales and use tax to cover electronically delivered and remotely accessed prewritten software (including SaaS) effective January 1, 2027, while excluding traditional digital goods like NFTs, streaming, e-books, and cloud infrastructure services",https://rsmus.com/insights/tax-alerts/2026/california-expands-sales-tax-to-electronically-delivered-software.html,Industry,Regulation,Regulation,,
2026,01/07/2026,"Visma acquires Tek01, an Italian e-invoicing (FatturaElettronica App) and certified-email (PECImprese) SaaS provider focusing on freelancers, micro-businesses, and SMBs, extending Visma's roll-up of Italian SMB compliance tools",https://www.visma.com/newsroom/visma-strengthens-offering-in-italy-with-fatturaelettronica-app,Visma,Acquisition,E-invoicing,,1 International
2026,06/07/2026,"Descartes acquires Drivin, a Chile-based last-mile delivery management platform serving Latin America, for ~$30M upfront plus up to $5M in performance-based earn-out",https://www.globenewswire.com/news-release/2026/07/06/3322315/0/en/descartes-acquires-drivin.html,Descartes,Acquisition,SCM,,
2026,07/07/2026,"Sovos launches full commercial availability of Sovos Intelligence, and adds AI-powered reconciliation layer (Reconciliation Rules Engine) that cross-matches e-invoicing, VAT filing, and SAF-T data",https://sovos.com/press-releases/the-expansion-of-sovos-intelligence-closes-the-global-compliance-reconciliation-gap/,Sovos,Product Enhancement,Tax Compliance,Gen Ai,
2026,12/07/2026,Kintsugi expands its tax compliance capabilities to Saudi Arabia and also partners with Checkout Champ and Shopline,https://www.linkedin.com/posts/kintsugi-ai_vat-saudiarabia-globalexpansion-activity-7481713947230904320-8L4Q?utm_source=share&utm_medium=member_desktop&rcm=ACoAADq0lXQBXTqj-sy6tAYLEbCUl7FuRmFXwsw,Kintsugi,Expansion,Tax Compliance,,
2026,10/07/2026,Kintsugi expands its tax compliance capabilities to Saudi Arabia and also partners with Checkout Champ and Shopline,https://www.linkedin.com/posts/kintsugi-ai_your-funnels-move-fast-your-tax-should-too-activity-7480969033572302848-RB7z?utm_source=share&utm_medium=member_desktop&rcm=ACoAADq0lXQBXTqj-sy6tAYLEbCUl7FuRmFXwsw,Kintsugi,Partnership,Tax Compliance,,
2026,10/07/2026,Kintsugi expands its tax compliance capabilities to Saudi Arabia and also partners with Checkout Champ and Shopline,https://www.linkedin.com/posts/shopline_shopline-kintsugi-ecommerce-activity-7480712330599804928-h72O?utm_source=share&utm_medium=member_desktop&rcm=ACoAADq0lXQBXTqj-sy6tAYLEbCUl7FuRmFXwsw,Kintsugi,Partnership,Tax Compliance,,
2026,09/07/2026,"Azentio launches a UAE E-Invoicing solution within Azentio ERP, leveraging its new pre-approved Accredited Service Provider (ASP) status from the UAE Ministry of Finance to offer PEPPOL/PINT AE-aligned invoicing, validation, and FTA reporting","https://www.tradingview.com/news/reuters.com,2026-07-09:newsml_Zaw5Nm0vs:0-zawya-azentio-launches-uae-e-invoicing-solution-with-pre-approved-asp-status-and-ai-powered-erp-capabilities/",Azentio,Product Launch,E-invoicing,,
2026,07/07/2026,"EcoOnline launches EcoOne, an AI-powered connected intelligence layer within its EHS/ESG suite that unifies safety and sustainability data (incidents, audits, chemical safety, permit-to-work, ESG reporting) into real-time dashboards and natural-language querying",https://www.businesswire.com/news/home/20260707205543/en/EcoOnline-launches-EcoOne-for-connected-intelligence-and-real-time-visibility-across-safety-and-sustainability-operations,EcoOnline,Product Launch,SCM,,
2026,7/15/2026,"Marble joins the BDO Alliance USA's Vendor Marketing Program, giving the member firms and enterprises direct access to its AI platform for tax research, document drafting, and client intake capabilities",https://www.businesswire.com/news/home/20260715103964/en/Marble-to-Provide-AI-Tax-Solutions-to-BDO-Alliance-USA,BDO,Partnership,Direct tax,,
2026,7/15/2026,"Canopy launches Tax Workflow Automation (Smart Intake, Smart Prep, Smart Delivery) that claims to runs the intake, preparation, review, e-signature, payment, and delivery of tax returns natively inside its practice-management platform",https://www.businesswire.com/news/home/20260715475782/en/Canopy-Launches-Comprehensive-Tax-Workflow-Automation,Canopy,Product Launch,Direct tax,,
2026,7/17/2026,Kintsugi integrates with Sage's Intacct platform and expands its indirect tax compliance capabilities to UAE,https://www.linkedin.com/posts/kintsugi-ai_sageintacct-kintsugi-salestax-activity-7483895811878174720-VqDN?utm_source=share&utm_medium=member_desktop&rcm=ACoAADq0lXQBXTqj-sy6tAYLEbCUl7FuRmFXwsw,Kintsugi,Partnership,Tax Compliance,,
2026,7/17/2026,Kintsugi integrates with Sage's Intacct platform and expands its indirect tax compliance capabilities to UAE,https://www.linkedin.com/posts/kintsugi-ai_vat-uae-globalexpansion-activity-7484236886241083392-d7P7?utm_source=share&utm_medium=member_desktop&rcm=ACoAADq0lXQBXTqj-sy6tAYLEbCUl7FuRmFXwsw,Kintsugi,Expansion,Tax Compliance,,
2026,7/15/2026,"Alphatax (Tax Systems) acquires Intra Pricing Solutions, adding its TPGenie platform  that handlez intercompany agreements, benchmarking, and Country-by-Country reporting to Alphatax's direct-tax and Pillar Two suite",https://www.alphatax.com/tax-news/alphatax-acquires-intra-pricing-solutions/?utm_source=google&utm_medium=organic&utm_campaign=google_organic,Alphatax,Acquisition,Others,,
2026,7/15/2026,"Zamp integrates with Rillet's AI-native ERP, assisting in US and Canadian sales tax compliance, focused on software and digital businesses",https://zamp.com/blog/zamp-rillet-fully-managed-sales-tax-is-now-available,Zamp,Partnership,Tax Compliance,,
2026,7/15/2026,"Zip partners with Sovos, to pair its AP orchestration platform with Sovos's e-invoicing compliance network for businesses in EMEA",https://zip.com/blog/zip-sovos-e-invoicing-ap-automation,Sovos,Partnership,Tax Compliance,,
2026,7/21/2026,Altana acquires Cervo AI to deliver an end-to-end agentic AI platform for customs brokerage,https://www.businesswire.com/news/home/20260721109771/en/Altana-Acquires-Cervo-AI-to-Deliver-End-to-End-Agentic-AI-Platform-for-Customs-Brokerage,Altana,Acquisition,SCM,,
2026,7/21/2026,"Sovos makes its Compliance Network available for the UAE's e-invoicing mandate through its accredited service provider partner, InvoiceNow Biz",https://sovos.com/press-releases/sovos-compliance-network-now-ready-for-uae-e-invoicing-mandate-via-accredited-partner-invoicenow-biz/,Sovos,Expansion,E-invoicing,,
2026,7/23/2026,"project44 launches Mo, a conversational AI supply chain analyst that claims to turn a customer's real-time logistics data into decisions",https://www.project44.com/press-releases/project44-launches-conversational-ai-analyst-to-turn-real-time-supply-chain-data-into-faster-more-confident-decisions/,Project 44,Product Launch,SCM,,
2026,7/22/2026,WiseTech announces acquisition of FRDM.ai's supply chain risk and compliance intelligence to accelerate development of its VerifyWise product,https://www.wisetechglobal.com/news/wisetech-global-to-acquire-frdmai-supply-chain-risk-and-compliance-intelligence-to-accelerate-development-of-verifywise/,WiseTech,Acquisition,GTM,,
2026,7/23/2026,ThriveCart adds built-in sales tax calculation and collection to its checkout,https://www.accessnewswire.com/newsroom/en/banking-and-financial-services/thrivecart-brings-built-in-sales-tax-calculation-and-collection-to-a-1194848,Thrivecart,Product Launch,Tax Compliance,,
2026,7/23/2026,Bectran partners with Avalara to automate tax exemption certificate management within its accounts receivable platform,https://www.globenewswire.com/news-release/2026/07/23/3332461/0/en/bectran-partners-with-avalara-to-automate-tax-compliance.html,Avalara,Partnership,Tax Compliance,,
2026,7/20/2026,Tax Star receives pre-approved status from the UAE Ministry of Finance as an official e-invoicing service provider,https://gulfnews.com/business/corporate-news/tax-star-receives-pre-approved-status-from-uae-ministry-of-finance-as-official-e-invoicing-service-provider-1.500613758,TaxStar,Certification,E-invoicing,,
2026,7/20/2026,"Edicom posts 2025 revenue of €276.58M (+9.3% YoY) with net profit of €164.63M (+8.6% YoY) at a net margin above 59%, exceeds 18,000 customers across 96 countries, declares €91.2M in dividends (+18.6% YoY)",https://www.eleconomista.es/tecnologia/noticias/14001470/07/26/edicom-suma-y-sigue-con-su-beneficio-por-las-nubes-gana-164-millones-y-repartira-mas-de-91-millones-en-dividendos-a-sus-socios.html,Edicom,Earnings,E-invoicing,,
2026,03/08/2026,Avalara appoints ex-PayPal and Schindler executive Hauke Stehr as its DACH director to capture growth from Germany's phased mandatory B2B e-invoicing rollout and the EU's ViDA initiative,https://newsroom.avalara.com/press-releases?item=122729,Avalara,Appointment,Tax Compliance,,
2026,03/08/2026,Kintsugi expands its solution's coverage to comply with Cameroon and Netherland's Indirect tax regulations,https://www.linkedin.com/posts/kintsugi-ai_tva-cameroon-globalexpansion-activity-7489311503079276544-Jgrs?utm_source=share&utm_medium=member_desktop&rcm=ACoAADq0lXQBXTqj-sy6tAYLEbCUl7FuRmFXwsw,Kintsugi,Expansion,Tax Compliance,,International 2
2026,7/27/2026,Kintsugi expands its solution's coverage to comply with Cameroon and Netherland's Indirect tax regulations,https://www.linkedin.com/posts/kintsugi-ai_vat-netherlands-globalexpansion-activity-7486788616216526849-kenB?utm_source=share&utm_medium=member_desktop&rcm=ACoAADq0lXQBXTqj-sy6tAYLEbCUl7FuRmFXwsw,Kintsugi,Expansion,Tax Compliance,,International 2
2026,7/30/2026,"Fonoa launches Fonoa Knowledge, an AI-powered regulatory intelligence product that claims to continuously monitor global indirect tax changes, map them to a customer's specific company profile, and deliver cited insights",https://www.fonoa.com/resources/blog/introducing-fonoa-knowledge?_gl=1*of5njx*_up*MQ..*_ga*NDY1MDA2NDQwLjE3MTA3NjAxNDg.*_ga_KB43HTLP0H*czE3ODU3MzY3NjEkbzY3JGcxJHQxNzg1NzM3MzIxJGo2MCRsMCRoMCRkQ2ZaM2FIeGtodEZ6YnNCOFg1UnlSN2FxN2N1SmhtMFFUUQ..,Fonoa,Product Launch,Tax Compliance,Gen AI,
2026,7/24/2026,Achilles acquires Australian compliance provider Cm3 to expand its screening and supply-chain-intelligence platform across APAC,https://www.achilles.com/industry-insights/achilles-to-acquire-cm3/,Achilles,Acquisition,GTM,,
2026,7/28/2026,"Way2VAT launches Way2Invoice, a SaaS e-invoicing platform aimed at EU and APAC regualtions",https://www.tipranks.com/news/company-announcements/way2vat-boosts-q2-revenue-and-launches-e-invoicing-platform-amid-global-vat-reforms,Way2VAT,Product Launch,E-invoicing,,
2026,7/27/2026,ClearTax secures Oman Tax Authority accreditation as a Fawtara e-invoicing service provider ahead of the August 2026 phase-one mandate,https://www.zawya.com/en/press-release/companies-news/cleartax-receives-oman-tax-authority-accreditation-to-support-businesses-through-fawtara-e-invoicing-transition-410816,ClearTax,Certification,E-invoicing,,International 1
2026,7/27/2026,"Workiva launches three purpose-built AI agents (Tie-Out for financial-report reconciliation, Benchmarking for SEC-filing peer analysis, and Sustainability Disclosure for ESRS/ISSB compliance) alongside Workiva Knowledge, a persistent intelligence layer grounding all AI output in a customer's own data and prior filings, plus a new MCP gateway letting customers bring their own AI models while retaining Workiva's governance and audit trail",https://newsroom.workiva.com/press-releases/workiva-launches-specialized-ai-agents-and-intelligence-layer-advance-high-stakes,Workiva,Product launch,Statutory Reporting,Gen AI,
2026,04/08/2026,,https://www.vertexinc.com/company/news/latest-news/vertex-announces-second-quarter-2026-financial-results,Vertex,Earnings,Tax Compliacne,,
2026,04/08/2026,"Workiva reports strong Q2 2026 financial results, exceeding revenue guidance with 19% growth in subscription and total revenue, reaching $255 million. The company significantly expanded its non-GAAP operating margin to 16.8%, achieving its 2027 target a year early",https://newsroom.workiva.com/press-releases/workiva-announces-second-quarter-2026-financial-results,Workiva,Earnings,Statutory Reporting,,
2026,03/08/2026,"Bloomberg Tax expands its Provision platform beyond a US-only ASC 740 tool by adding global capabilities including support for multinational reporting, non-U.S. statutory tax rates, and multi-currency reporting. The update also introduces detailed interim reporting, multiple simultaneous Tax Provision tabs for comparing current and prior-year provisions, and an embedded AI-powered Tax Research Assistant providing ASC 740 guidance",https://pro.bloombergtax.com/insights/company-news/bloomberg-tax-introduces-the-next-generation-of-bloomberg-tax-provision/,Bloomberg,Product Launch,Direct tax,Gen AI,
2026,05/08/2026,"Wolters Kluwer's Corporate Performance & ESG division acquires Marosa, a European indirect tax automation provider, for $129M in cash (approximately 11x revenue), gaining its VATify platform which covers e-invoicing, VAT compliance, and VAT recovery. Marosa currently generates $11.5M in revenue growing ~25% YoY, and Wolters Kluwer plans to use the acquisition to build out a global indirect tax platform",https://assets.contenthub.wolterskluwer.com/api/public/content/3775537-2026-08-05-wolters-kluwer-2026-half-year-results-7d85c04c6c?v=15135ed1,Wolters Kluwer,Acquisition,Tax Compliance,,
2026,04/08/2026,"Descartes launches Free Trade Intelligence (FTI), an AI-enabled solution for manufacturers, importers, and exporters. FTI integrates rules-of-origin analysis, RVC calculations, tariff shift logic, and supplier declaration management into a single auditable workflow",https://www.descartes.com/resources/news/descartes-introduces-new-ai-powered-free-trade-intelligence-fti-solution-help-reduce,Descartes,Product Enhancement,GTM,Gen AI,
2026,04/08/2026,Basware adds its e-invoicing and tax compliance solutions to SAP Store,https://news.basware.com/en/for-sap-erp-users-modernization-and-compliance-no-longer-compete,Basware,Partnership,E-invoicing,,
2026,04/08/2026,"Vertex expands its leadership team by appointing Chatelle Lynch as Chief People Officer, Carlos Mercuriali as SVP and Regional Manager of Europe, and Bala Chandran as Chief Product and Technology Officer, in an attempt to bolster its global growth strategy",https://www.vertexinc.com/company/news/latest-news/vertex-expands-leadership-team-power-next-chapter-growth,Vertex,Appointment,Tax Compliance,,
2026,04/08/2026,"Asseco Solutions partners with Avalara to integrate APplus with tax calculation, global e-invoicing, live reporting",https://newbusiness.at/unternehmen/asseco-und-avalara-partnerschaft-fuer-weltweite-geschaeftsaktivitaeten,Avalara,Partnership,Tax Compliance,,
2026,07/08/2026,Yonda partners with Buddify to provide sales tax compliance support to eCommerce brands within Buddify's ecommerce growth platform,https://www.linkedin.com/posts/were-excited-to-partner-with-buddify-share-7491447043224158209-Tglz/?utm_source=share&utm_medium=member_desktop&rcm=ACoAADq0lXQBXTqj-sy6tAYLEbCUl7FuRmFXwsw,Yonda,Partnership,Tax Compliance,,
2026,05/08/2026,"Magaya launches a cloud-based Global Customs Compliance solution for New Zealand, extending its existing freight management platform to support electronic customs filings, automated TSW submissions, and real-time status updates for customs brokers, freight forwarders, and importers",https://www.prnewswire.com/news-releases/magaya-brings-integrated-customs-compliance-to-its-new-zealand-freight-forwarding-platform-302842926.html,Magaya,Product Launch`,GTM,,1 International
2026,12/08/2026,"project44 shares financials claiming that its ARR grew 34% YoY and new logo ARR by 67% in H1 FY27, average contract value for net-new customers rose 145% YoY, and NRR improved by 654 bps YoY. Announced that it has split into two businesses, launching LSP44 as a standalone AI-native platform for logistics service providers while project44 continues serving enterprise shippers directly",https://www.project44.com/press-releases/project44-accelerates-shipper-momentum-with-34-year-over-year-new-arr-growth-67-growth-in-new-logo-arr-for-the-first-half-of-fy27/,Project 44,Earnings,SCM,,
2026,12/08/2026,Avalara announces native integration with Intuit's Enterprise Suite,https://newsroom.avalara.com/2026-08-11-Avalara-Automates-Sales-Tax-Compliance-for-QuickBooks-Businesses,Avalara,Partnership,Tax Compliance,,
2026,12/08/2026,"Deloitte forms a strategic alliance with Ivalua for direct and indirect source-to-pay and supplier management covering supplier onboarding, risk, sourcing optimisation and automated invoicing, built on Ivalua's IVA Studio",https://www.deloitte.com/us/en/about/press-room/deloitte-and-ivalua-form-alliance.html,Ivalua,Partnership,AP/AR Automation,,
2026,8/13/2026,"Fonoa expands its Instant Validate platform that performs sub-second VAT ID checks, to France, Germany and Spain",https://www.fonoa.com/resources/blog/fonoa-product-updates-august-2026?_gl=1*ctii33*_up*MQ..*_ga*NDY1MDA2NDQwLjE3MTA3NjAxNDg.*_ga_KB43HTLP0H*czE3ODY5MTIwNjAkbzcyJGcxJHQxNzg2OTEyMDc2JGo0NCRsMCRoMCRkQ2ZaM2FIeGtodEZ6YnNCOFg1UnlSN2FxN2N1SmhtMFFUUQ..,Fonoa,Product Update,Tax Compliance,,
2026,8/17/2026,"Dubai-based e-invoicing and corporate tax software platform, Tax Star raises a $1.75M angel-backed seed round to focus on go-to market, product development and its e-invoicing tool",https://www.zawya.com/en/press-release/companies-news/tax-star-raises-1.75mln-seed-round-458660,Tax Star,Funding,E-invoicing,,
2026,8/14/2026,"Dual-Entry an AI native ERP, announces its integration with Avalara",https://www.linkedin.com/posts/dualentry_dualentry-avalara-were-excited-to-announce-activity-7493709591692677120-1XcH?utm_source=share&utm_medium=member_desktop&rcm=ACoAADq0lXQBXTqj-sy6tAYLEbCUl7FuRmFXwsw,Avalara,Partnership,Tax Compliance,,
2026,8/19/2026,"Rillet, an AI-native ERP startup, raises a $100M Series C led by ICONIQ at a $1B valuation (its third raise in a year, total funding over $200M)",https://www.businesswire.com/news/home/20260819978953/en/Rillet-Raises-%24100M-Series-C-at-%241B-Valuation-to-Build-Accounting-Superintelligence,Rillet,Funding,Others,,
2026,8/19/2026,Descartes introduces AI-powered Image Document Management capabilities that embed logistics-trained AI agents into its customs and transportation solutions to convert trade documents into operationally ready data,https://www.descartes.com/news-events/general-news,Descartes,Product Launch,GTM,,
2026,8/19/2026,"Fonoa has become an accredited InvoiceNow Access Point in Singapore, adding formal IMDA accreditation to run invoice transmission over the Peppol",https://www.linkedin.com/posts/fonoa_fonoa-is-now-an-accredited-invoicenow-access-activity-7495409119311613952-1FyE?utm_source=share&utm_medium=member_desktop&rcm=ACoAADq0lXQBXTqj-sy6tAYLEbCUl7FuRmFXwsw,Fonoa,Certification,E-invoicing,,
2026,8/19/2026,"Australia's ACCC executes a search warrant at WiseTech Global's premises as part of an ongoing investigation into possible Competition and Consumer Act violations, sending shares down 8.7%, though the filing discloses no specific product, transaction, or division under scrutiny.",https://www.freightwaves.com/news/accc-executes-search-warrant-at-logistics-software-giant-wisetech-in-competition-probe,Wisetech,Others,Others,,
2026,8/18/2026,,https://www.maersk.com/news/articles/2026/08/18/maersk-expands-trade-and-tariff-studio-to-advance-customs-management,Maersk,Product Enhancement,GTM,,
2026,8/18/2026,Livingston launched an LLM-powered expansion of its TradeSphere trade-management software adding Classifier and Free Trade Manager modules,https://www.livingstonintl.com/press-release/livingston-launches-enhanced-tradesphere-software-to-optimize-customs-classification-origin-solicitation-and-trade-agreement-qualification/,Livingston,Product Enhancement,GTM,,
2026,8/21/2026,"Cherrie Business Solutions, a Dubai-based Microsoft Dynamics 365 consulting firm, launches a native D365 Finance/Business Central e-invoicing add-on that maps ledger data to PINT-AE XML for UAE's Peppol-based DCTC mandate",https://www.issuewire.com/cherrie-business-solutions-launches-uae-e-invoicing-solution-for-microsoft-dynamics-365-1874137291620668,Cherrie,Partnership,E-invoicing,,
2026,8/17/2026,"Bloomberg Tax launches Controlled Calculations within its Workpapers platform, embedding an auditable tax calculations engine with system-maintained state tax rules",https://pro.bloombergtax.com/insights/company-news/bloomberg-tax-introduces-controlled-calculations-for-bloomberg-tax-workpapers/,Bloomberg Tax,Product Enhancement,Tax Research,,
2026,8/26/2026,"Basware to acquire Trustpair, a supplier bank account verification to add payment fraud prevention to its invoice lifecycle management platform",https://news.basware.com/en/basware-signs-agreement-to-acquire-trustpair,Basware,Acquisition,Others,,
2026,8/27/2026,"Tieto and Siirto, a Finnish payment platform partner to enhance digital invoicing in Finland, enabling businesses to send e-invoices directly to consumers' bank apps",https://www.tieto.com/en/newsroom/press-releases/2026/tieto-and-siirto-partner-to-improve-e-invoicing-experience-in-finland/,Tieto,Partnership,E-invoicing,,
2026,8/25/2026,"1099, TIR",https://1099pro.com/content-library/ask-sovi-ai-assistant-1099-professional/,Sovos,Product Enhancement,TIR,,
2026,8/26/2026,"SARS proposes phased Digital VAT Model for e-invoicing and near-real-time VAT reporting, with implementation starting from 2030",https://www.fonoa.com/resources/blog/south-africa-digital-vat-model-e-invoicing,Industry,Regulation,Regulation,,
2026,8/26/2026,"WiseTech reports FY26 total revenue of $1,396M, up 79% at the lower end of its guidance, with underlying EBITDA of $644.5M at a 46% margin, down 7pp. E2Open contributed $541M across eleven months at a 36% underlying EBITDA margin, up 8pp and $64M of synergies delivered early.",https://www.wisetechglobal.com/investors/welcome/,Wisetech,Earnings,GTM,,
2026,03/09/2026,FIS launches embedded banking platform that enables banks to offer AP/AR capabilities directly within software used by corporate customers,https://www.fisglobal.com/about-us/media-room/press-release/2026/fis-launches-embedded-banking-platform,FIS,Product Launch,Embedded Finance,,
2026,02/09/2026,"OneStream’s AI capabilities (SensibleAI Forecast and AI Studio) receive FedRAMP High authorization, enabling US federal agencies to build AI models and forecasts on governed financial data within a secure environment",https://www.onestream.com/news/onestream-sensibleai-receives-fedramp-high-authorization/,Onestream,Certification,Financial reporting,,
2026,04/09/2026,"Kintsugi integrates with Zuora to automate sales tax compliance, combining real-time tax calculation, nexus monitoring, registrations and filings directly with subscription billing workflows",https://trykintsugi.com/blog/kintsugi-integrates-with-zuora-to-automate-sales-tax-compliance,Kintsugi,Partnership,Indirect Tax,,
2026,01/09/2026,"Visma consolidates Nmbrs (payroll), Yuki (accounting), WeFact (invoicing) and Visionplanner (financial reporting) under the Nmbrs brand to create an integrated software platform for Dutch SMBs",https://www.visma.com/newsroom/nmbrs-becomes-vismas-business-platform-for-dutch-entrepreneurs,Visma,,E-invoicing,,
2026,03/09/2026,EcoVadis and CO2 AI partner to improve Scope 3 emissions reporting by combining supplier sustainability data with carbon accounting capabilities to increase accuracy and transparency,https://resources.ecovadis.com/news-press/ecovadis-and-co2-ai-partner-to-advance-scope-3-transparency-with-primary-data-precision,Ecovadis,Partnership,ESG/Sustainability,,
2026,05/09/2026,"Kintsugi expands international indirect tax capabilities with support for German VAT compliance, helping businesses manage registrations, filings and ongoing reporting requirements in Germany",https://www.linkedin.com/posts/kintsugi-ai_vat-germany-globalexpansion-activity-7502020233801441280-LVgq?utm_source=share&utm_medium=member_desktop&rcm=ACoAAEFzbZsBJc6iyvWI-WC6_fdcfB4H_gXrLCI,Kintsugi,Geographic expansion,Indirect Tax,,
2026,01/09/2026,"Ryan acquires Svalner Atlas Advisors, expanding its tax and business advisory footprint across the Nordic region and Benelux while strengthening transfer pricing and transaction advisory capabilities",https://www.citybiz.co/article/897541/ryan-acquires-svalner-atlas-advisors-expanding-nordic-and-benelux-presence/,Ryan,M&A,Others,,
2026,01/09/2026,"Descartes acquires Extensiv, adding warehouse management and third-party logistics software capabilities to broaden its supply chain and logistics technology portfolio",https://www.descartes.com/resources/news/descartes-acquires-extensiv,Descartes,M&A,SCM,,
2026,11/09/2026,Sovos and FTI Consulting build a Workiva-based connector that automates insurance statutory reporting from source systems through NAIC filings,https://www.linkedin.com/posts/sovos_workivaamplify-insurance-financetransformation-activity-7504177365489553408-XNBn?utm_source=share&utm_medium=member_desktop&rcm=ACoAAEFzbZsBJc6iyvWI-WC6_fdcfB4H_gXrLCI,Sovos,Partnership,Statutory Reporting,,
2026,10/09/2026,Avalara adopts OpenAI’s GPT-6 Astra models to enhance AI tax compliance and automation capabilities across its platform,https://www.linkedin.com/posts/avalara_chatgpt-work-is-now-powered-by-gpt-6-astra-activity-7503547342873161730-Szvz?utm_source=share&utm_medium=member_desktop&rcm=ACoAAEFzbZsBJc6iyvWI-WC6_fdcfB4H_gXrLCI,Avalara,Product update,Tax Compliance,,
2026,09/09/2026,"Alphatax partners with Ilumis to combine tax transformation expertise and technology implementation capabilities, helping organisations modernise tax operations and compliance workflows",https://www.linkedin.com/posts/we-are-alphatax_wearealphatax-partnership-taxtechnology-activity-7501647828272742400-04mW?utm_source=share&utm_medium=member_desktop&rcm=ACoAAEFzbZsBJc6iyvWI-WC6_fdcfB4H_gXrLCI,Alphatax,Partnership,Tax Compliance,,
2026,07/09/2026,"Bloomberg Tax collaborates with Decision Modeling, Inc. (DMI) to integrate uncertain tax position calculations into Bloomberg Tax Provision, streamlining income tax provision workflows for corporate tax teams",https://pro.bloombergtax.com/insights/company-news/bloomberg-tax-collaborates-with-dmi-to-streamline-uncertain-tax-position-workflows/,Bloomberg,Partnership,Tax Compliance,,
2026,09/09/2026,"Cegid and Silae announce plans to merge, creating a European business software platform combining accounting, tax, payroll, HR and digital finance capabilities",https://www.afp.com/en/infos/cegid-and-silae-join-forces-create-european-leader-ai-driven-business-technology,Cegid,M&A,Tax Compliance,,
2026,11/09/2026,"Descartes reports Q2 FY27 revenue of $201.1M, up 12%, with adjusted EBITDA of $94.4M at a 47% margin and net income rising 32% to $50.0M",https://www.descartes.com/investor-relations/financial-information,Descartes,Earnings,GTM,,
2026,10/09/2026,"Orbitax added GIR amendment support to its International Tax Platform, letting MNCs submit OECD-compliant corrections, deletions and new-record inclusions against already-accepted Pillar Two GloBE Information Returns, plus full filing withdrawals",Orbitax Introduces GIR Amendments for Pillar Two GloBE Returns,Orbitax,Product update,Direct tax,,
2026,9/15/2026,"Workiva launches Agent Studio and new AI capabilities to automate regulatory reporting, internal audit and GRC workflows, reducing manual work across regulatory processes",https://secure.businesswire.com/news/home/20260915584662/en/Workiva-Advances-Regulatory-Work-with-AI-Innovation,Workiva,Product Launch,Financial reporting,,
2026,9/17/2026,"Numeral expands integration ecosystem across SAP S/4HANA, Zoho Billing, Intuit Enterprise Suite, Solidus and Measure",https://lnkd.in/p/g9EQmsyQ,Numeral,Partnership,Tax Compliance,,
2026,9/15/2026,"Sovos acquires Blue dot, adding AI-powered VAT recovery capabilities across travel & expense and accounts payable to expand its tax compliance platform",https://sovos.com/press-releases/sovos-acquires-blue-dot-expanding-ai-native-diagnostics-workflow-and-intelligence-capabilities-widening-sovos-tax-compliance-platform-technology-lead/?_gl=1*15017cv*_up*MQ..*_ga*NDk4MzM3MTc1LjE3ODk5NzMzMDE.*_ga_E6KJ55E4Q5*czE3ODk5NzMzMDAkbzEkZzAkdDE3ODk5NzMzMDAkajYwJGwwJGgxNzMyNzUyNTUy*_ga_0GZQ8042PF*czE3ODk5NzMzMDAkbzEkZzAkdDE3ODk5NzMzMDAkajYwJGwwJGgw*_ga_9CY8316JKT*czE3ODk5NzMzMDAkbzEkZzAkdDE3ODk5NzMzMDAkajYwJGwwJGgw*_ga_DD12NECPJ7*czE3ODk5NzMzMDAkbzEkZzAkdDE3ODk5NzMzMDAkajYwJGwwJGgw*_ga_4WK2KZ71VH*czE3ODk5NzMzMDAkbzEkZzAkdDE3ODk5NzMzMDAkajYwJGwwJGgw,Sovos,M&A,Tax Compliance,,
2026,9/14/2026,"Tradeshift establishes Tradeshift Arabia in Saudi Arabia to offer e-invoicing, procure-to-pay automation and supplier collaboration solutions to local organisations",https://tradeshift.com/resources/news/tradeshift-arabia-incorporated-in-saudi-arabia/,Tradeshift,Geographic expansion,E-invoicing,,
2026,9/17/2026,"Avalara appoints former Tungsten Automation SVP Claire Goad to lead its global E-Invoicing & Live Reporting business, supporting its expansion in digital tax compliance",https://borncity.com/news/e-invoicing-avalara-ernennt-neue-fuehrungskraft-fuer-globale-expansion/,Avalara,Leadership change,Tax Compliance,,
2026,9/17/2026,"Zoho Books launches a Nigeria edition with local VAT, withholding tax and e-invoicing capabilities to support businesses with Nigerian tax compliance",https://innovation-village.com/zoho-books-launches-nigeria-edition-for-tax-compliance/,Zoho,Geographic expansion,Tax Compliance,,
2026,9/16/2026,"Gaia Dynamics raises $7M to expand its AI platform for tariff management, customs compliance and trade risk, helping businesses respond to changing global trade requirements",https://www.prnewswire.com/news-releases/gaia-dynamics-raises-7m-to-expand-ai-platform-keeping-businesses-ahead-of-tariffs-and-trade-risk-302880240.html,Gaia dynamics,Funding,Tax Compliance,,
